id,first_name,last_name,email,gender,date,timestamp,ab_group
1,Brenn,Theze,btheze0@list-manage.com,Female,2019-07-09,11:23:49,A
2,Ludovico,Dinnage,ldinnage1@networkadvertising.org,Male,2019-05-27,8:56:10,A
3,Sherwood,Sitlinton,ssitlinton2@pagesperso-orange.fr,,2019-02-28,8:53:02,B
4,Ariella,McAllan,a.mcallan@foobar.co.uk,Female,2019-07-14,23:19:36,B
5,Jeno,Methringham,jmethringham4@geocities.jp,Male,2019-08-15,10:29:18,A
6,Angeline,Sottell,,,2019-07-21,13:25:53,B
7,Coleen,Dechelette,cdechelette6@ezinearticles.com,Female,2019-02-25,2:15:44,A
8,Harley,Gingedale,hgingedale7@vinaora.com,Female,2019-02-04,14:58:54,B
9,Wally,McCrudden,wmccrudden8@so-net.ne.jp,Male,2019-06-01,10:41:20,B
10,Ingemar,Callf,icallf9@google.com.br,Male,2019-02-07,0:31:05,A
11,Denys,Maskrey,dmaskreya@wiley.com,Female,2019-09-10,12:09:22,A
12,Lexy,Crassweller,lcrasswellerb@apple.com,,2019-03-22,1:55:29,A
13,Agnella,Schaben,aschabenc@google.fr,Female,2019-09-30,21:41:13,A
14,Brynne,Duffet,bduffetd@cbslocal.com,Female,2019-08-29,1:28:30,B
15,Eba,Ansley,eansleye@auda.org.au,,2019-03-19,18:50:31,B
16,Briant,Ainsley,bainsleyf@google.nl,,2019-02-27,17:39:48,B
17,Christoffer,Harder,charderg@example.com,,2019-08-22,3:35:06,B
18,Duff,Balcers,dbalcersh@last.fm,Male,2019-07-11,16:24:42,
19,Adelind,Abbey,aabbeyi@cdc.gov,Female,2019-02-08,11:35:42,A
20,Orland,Pitrollo,opitrolloj@51.la,Male,2019-04-28,18:35:59,B
21,Ruddie,Hedditeh,rhedditehk@symantec.com,Male,2019-06-05,15:28:18,A
22,Lexi,Tulk,ltulkl@chicagotribune.com,Female,2019-07-30,9:28:16,B
23,Trixie,Gamon,tgamonm@netvibes.com,Female,2019-06-30,20:37:00,A
24,Ashbey,Phinnessy,aphinnessyn@freewebs.com,Male,2019-01-14,23:58:16,B
25,Stevy,Janaway,sjanawayo@google.cn,Male,2019-08-14,10:22:23,B
26,Urbano,Behr,ubehrp@thetimes.co.uk,Male,2019-06-09,17:51:15,
27,Zedekiah,Kilmurray,zkilmurrayq@berkeley.edu,Male,2019-07-31,16:22:12,
28,Anton,Blandamere,ablandamerer@tumblr.com,Male,2019-03-26,4:35:17,
29,Westbrook,Kilbey,wkilbeys@mozilla.org,Male,2019-09-11,13:46:46,A
30,Zebulen,Seathwright,zseathwrightt@sciencedaily.com,Male,2019-05-19,2:21:57,A
31,Magnum,Vinas,mvinasu@rakuten.co.jp,Male,2019-02-08,11:51:47,B
32,Jimmie,De Fries,jdefriesv@google.ca,Male,2019-02-21,9:34:25,A
33,Renelle,Laguerre,rlaguerrew@nature.com,Female,2019-10-15,14:39:55,B
34,Ardeen,Vedyashkin,avedyashkinx@geocities.com,Female,2019-02-10,22:55:42,
35,Guy,Gollop,ggollopy@com.com,,2019-03-25,2:46:50,A
36,Oralie,Collings,ocollingsz@printfriendly.com,,2019-02-06,20:42:08,A
37,Yoshi,Manna,ymanna10@samsung.com,Female,2019-05-04,10:53:15,
38,Bartholomeo,Shortcliffe,bshortcliffe11@theguardian.com,Male,2019-04-03,10:33:02,B
39,Adara,Jonas,ajonas12@who.int,Female,2019-04-09,13:24:56,B
40,Odelle,Bowell,obowell13@prlog.org,Female,2019-06-20,8:15:47,
41,Ketty,Longfellow,klongfellow14@webeden.co.uk,,2019-05-11,5:01:33,A
42,Desmund,Tregien,dtregien15@newsvine.com,,2019-09-20,17:45:41,
43,Erma,Paish,epaish16@networkadvertising.org,Female,2019-09-10,16:43:55,A
44,Denney,Jobe,djobe17@dmoz.org,Male,2019-05-12,0:46:33,B
45,Zia,Jervis,zjervis18@ca.gov,,2019-07-28,15:26:52,
46,Frederica,Tindley,ftindley19@dailymail.co.uk,Female,2019-02-20,5:59:36,B
47,Meris,Rawlison,mrawlison1a@twitter.com,Female,2019-02-20,4:37:09,B
48,Fifine,Kerman,fkerman1b@goo.gl,Female,2019-04-24,13:44:26,B
49,Audra,Portriss,aportriss1c@google.cn,Female,2019-02-21,15:46:28,A
50,Ettore,Agate,eagate1d@parallels.com,Male,2019-07-30,4:55:01,
51,Cordi,Mufford,cmufford1e@skype.com,,2019-05-22,23:01:44,
52,Marve,Quarton,mquarton1f@imgur.com,Male,2019-04-24,22:10:39,B
53,Maryellen,Waleworke,mwaleworke1g@photobucket.com,Female,2019-05-15,21:35:29,
54,Alyosha,Conradsen,aconradsen1h@edublogs.org,Male,2019-06-11,17:26:13,A
55,Antonia,MacTerlagh,amacterlagh1i@discovery.com,Female,2019-04-07,20:13:51,A
56,Anna-maria,Truwert,atruwert1j@sciencedirect.com,,2019-10-16,6:28:09,
57,Greg,Mundall,gmundall1k@weather.com,,2019-02-14,4:39:36,B
58,Staford,Suttill,ssuttill1l@biglobe.ne.jp,Male,2019-05-17,10:31:17,A
59,Sayres,Cranshaw,scranshaw1m@pinterest.com,Male,2019-02-10,20:47:02,A
60,Ernestine,Rosier,erosier1n@springer.com,Female,2019-05-07,3:50:46,A
61,Eric,Anear,eanear1o@constantcontact.com,Male,2019-10-02,8:16:15,B
62,Nickie,Portman,nportman1p@histats.com,Male,2019-09-26,20:14:10,A
63,Sande,Gubbins,sgubbins1q@cbslocal.com,Female,2019-10-13,7:44:39,
64,Rriocard,Djurevic,rdjurevic1r@4shared.com,Male,2019-01-18,20:16:59,A
65,Iago,Keyser,ikeyser1s@mozilla.com,Male,2019-07-30,3:54:31,A
66,Jimmy,Kestle,jkestle1t@unc.edu,Male,2019-03-24,15:34:13,A
67,Phebe,Daws,pdaws1u@cornell.edu,,2019-03-28,13:48:19,B
68,Tremaine,Shearer,tshearer1v@ask.com,Male,2019-08-24,8:27:23,
69,Mycah,Riseborough,mriseborough1w@zdnet.com,,2019-09-02,18:38:27,A
70,Ban,Eneas,beneas1x@china.com.cn,Male,2019-03-01,7:56:42,A
71,Ardine,Dinnis,adinnis1y@nationalgeographic.com,Female,2019-04-13,10:57:11,
72,Elga,Grutchfield,egrutchfield1z@rakuten.co.jp,Female,2019-04-20,5:54:23,
73,Selestina,Waghorne,swaghorne20@cisco.com,Female,2019-03-03,7:11:07,B
74,Shara,Crannell,scrannell21@npr.org,Female,2019-08-15,4:12:49,
75,Tandy,Dorey,tdorey22@huffingtonpost.com,Female,2019-09-05,11:44:57,B
76,Colette,Buckett,cbuckett23@usgs.gov,Female,2019-01-12,1:16:58,A
77,Dallas,Elis,delis24@adobe.com,Male,2019-08-25,22:15:09,A
78,Deidre,Whipp,,Female,2019-07-23,17:08:46,A
79,Davine,Veall,dveall26@archive.org,,2019-04-27,6:29:10,B
80,Oberon,Woodyeare,owoodyeare27@ox.ac.uk,Male,2019-04-04,10:33:05,B
81,Drugi,Beebee,dbeebee28@prweb.com,Male,2019-05-23,13:04:36,
82,Lelia,Rennebeck,lrennebeck29@latimes.com,Female,2019-08-11,0:44:37,A
83,Bartram,Pollicott,bpollicott2a@gnu.org,Male,2019-02-27,6:18:31,
84,Sybille,Dayborne,sdayborne2b@sohu.com,Female,2019-02-28,14:21:53,A
85,Michele,Willock,,Male,2019-04-05,3:11:19,B
86,Hendrick,Harrison,hharrison2d@hud.gov,,2019-01-30,15:56:18,B
87,Esra,Farrah,efarrah2e@cbslocal.com,Male,2019-04-16,15:41:06,A
88,Brennen,Tuttle,btuttle2f@parallels.com,Male,2019-01-12,3:19:33,B
89,Weider,Knapman,wknapman2g@privacy.gov.au,Male,2019-08-29,23:49:19,
90,Willow,Pieters,wpieters2h@webeden.co.uk,Female,2019-02-12,22:10:32,A
91,Flossy,Hum,fhum2i@umich.edu,Female,2019-05-15,8:28:43,B
92,Faythe,Noto,fnoto2j@cmu.edu,Female,2019-06-10,6:46:18,A
93,Iolande,Laye,ilaye2k@example.com,Female,2019-05-06,11:18:35,
94,Brendis,Lavelle,blavelle2l@npr.org,Male,2019-05-07,21:11:35,B
95,Frasier,Epp,fepp2m@tripadvisor.com,Male,2019-08-20,23:11:58,B
96,Leonelle,Isham,lisham2n@bigcartel.com,,2019-03-26,10:14:06,B
97,Bonni,Lowde,blowde2o@phpbb.com,Female,2019-08-04,6:55:54,A
98,Sybyl,Saffran,ssaffran2p@reddit.com,Female,2019-08-18,5:23:06,B
99,Aldis,Jakubowsky,ajakubowsky2q@msn.com,Male,2019-03-07,23:02:25,A
100,Hatti,Feuell,hfeuell2r@sina.com.cn,,2019-10-06,9:21:12,B
101,Everard,Chalcroft,echalcroft2s@usatoday.com,Male,2019-03-14,8:05:51,A
102,Bret,Jillett,bjillett2t@deliciousdays.com,Male,2019-09-29,15:03:07,A
103,Cortney,Mepham,cmepham2u@360.cn,Female,2019-02-06,5:40:48,A
104,Edith,Knotte,eknotte2v@youtube.com,Female,2019-01-06,13:30:55,A
105,Carolann,Wollen,cwollen2w@ezinearticles.com,Female,2019-09-09,17:25:37,B
106,Felisha,Caherny,,Female,2019-01-04,16:55:23,B
107,Moina,McNeely,mmcneely2y@engadget.com,Female,2019-06-25,21:24:47,B
108,Xaviera,Gadie,xgadie2z@opensource.org,Female,2019-09-02,12:29:37,
109,Franklin,Benard,fbenard30@technorati.com,Male,2019-05-19,3:21:16,
110,Lauren,Elloy,lelloy31@nbcnews.com,,2019-04-08,4:31:50,
111,Iago,McGiveen,imcgiveen32@flavors.me,Male,2019-06-19,5:03:46,B
112,Blake,Haker,bhaker33@sfgate.com,Male,2019-09-18,23:12:47,
113,Tobi,Ohanessian,tohanessian34@last.fm,Female,2019-01-02,4:54:01,A
114,Elonore,Grewer,,,2019-02-03,10:48:09,B
115,Andriana,Juster,ajuster36@digg.com,Female,2019-03-30,2:34:26,B
116,Nelia,Ord,nord37@seesaa.net,Female,2019-09-01,2:55:49,B
117,Jolynn,Calvey,jcalvey38@squidoo.com,Female,2019-10-08,19:04:15,B
118,Oliy,Kreutzer,okreutzer39@de.vu,Female,2019-02-10,10:08:01,
119,Baron,De Anesy,bdeanesy3a@patch.com,Male,2019-02-07,9:58:15,B
120,Rea,McGraffin,rmcgraffin3b@ocn.ne.jp,,2019-09-16,6:25:19,B
121,Jenine,Milkins,jmilkins3c@ucla.edu,Female,2019-04-09,16:58:14,A
122,Jacquelin,Bagshawe,jbagshawe3d@diigo.com,Female,2019-08-10,4:23:17,B
123,Bobinette,Hosten,bhosten3e@1und1.de,Female,2019-03-05,17:01:01,B
124,Roxanne,Ianitti,rianitti3f@businesswire.com,,2019-01-06,9:07:57,B
125,Wandie,Liddiatt,wliddiatt3g@slideshare.net,Female,2019-06-22,18:48:50,B
126,Ema,O'Corrigane,eocorrigane3h@acquirethisname.com,Female,2019-07-03,13:31:50,
127,Faustine,Newing,fnewing3i@parallels.com,Female,2019-06-22,23:02:08,A
128,Steffane,Wordley,swordley3j@yahoo.co.jp,Female,2019-06-04,9:33:27,
129,Darrell,Pidwell,dpidwell3k@ibm.com,Male,2019-01-28,13:14:53,
130,Jarred,Sturzaker,jsturzaker3l@feedburner.com,Male,2019-01-17,2:26:27,B
131,Karlen,Fenkel,kfenkel3m@jigsy.com,Female,2019-07-11,15:57:27,B
132,Gayleen,Champ,gchamp3n@businesswire.com,Female,2019-03-19,2:36:56,A
133,Mickie,Pindell,mpindell3o@so-net.ne.jp,Female,2019-07-26,23:13:39,
134,Bird,Rayment,brayment3p@google.nl,,2019-03-30,22:16:52,A
135,Melania,Lidgard,mlidgard3q@geocities.com,Female,2019-07-15,13:31:32,A
136,Euphemia,Lindmark,elindmark3r@php.net,Female,2019-03-03,5:10:04,A
137,Abba,Flobert,aflobert3s@shareasale.com,Male,2019-09-25,19:52:37,
138,Philbert,Ferronet,pferronet3t@sfgate.com,Male,2019-07-28,0:17:02,B
139,Tamarra,Britney,,,2019-03-21,8:24:54,
140,Cole,Bleaden,cbleaden3v@ca.gov,,2019-01-23,19:35:40,B
141,Oliviero,Shill,oshill3w@adobe.com,Male,2019-06-04,4:00:00,B
142,Grier,Artus,gartus3x@alibaba.com,Female,2019-09-02,13:29:58,B
143,Kendell,Aysik,kaysik3y@google.co.uk,Male,2019-02-25,9:41:46,A
144,Odilia,Derisly,oderisly3z@usnews.com,,2019-09-01,18:01:59,
145,Carey,Stracey,cstracey40@instagram.com,Female,2019-06-05,10:39:39,
146,Valry,Spraging,vspraging41@google.de,Female,2019-04-19,8:51:53,A
147,Garvy,Schimmang,gschimmang42@utexas.edu,Male,2019-07-04,16:18:41,A
148,Howie,Tumielli,htumielli43@gov.uk,Male,2019-07-03,7:52:57,B
149,Mabel,Stivey,mstivey44@tmall.com,,2019-07-31,10:37:04,B
150,Humfrey,Mullord,hmullord45@devhub.com,Male,2019-08-01,21:50:42,
151,Ailis,Swash,aswash46@miitbeian.gov.cn,Female,2019-09-02,19:49:08,
152,Hinda,Olivi,,Female,2019-06-27,7:11:11,B
153,Dino,Roumier,droumier48@typepad.com,Male,2019-05-23,16:12:02,A
154,Loise,Gillbey,lgillbey49@wiley.com,,2019-02-24,10:52:06,A
155,Whittaker,Gunnell,wgunnell4a@sogou.com,Male,2019-02-05,0:23:34,B
156,Jordana,Huchot,jhuchot4b@slate.com,Female,2019-04-15,14:38:46,B
157,Sibyl,Ayre,sayre4c@1688.com,Female,2019-02-14,5:08:10,A
158,Franky,Klug,fklug4d@weibo.com,Male,2019-06-12,13:20:12,B
159,Eda,Ramstead,eramstead4e@cocolog-nifty.com,Female,2019-03-22,3:34:36,A
160,Pippo,Rimour,primour4f@webeden.co.uk,Male,2019-03-17,10:18:08,B
161,Alfons,MacNeilage,amacneilage4g@cnet.com,Male,2019-04-10,9:53:42,B
162,Syd,Bownass,sbownass4h@cargocollective.com,Male,2019-03-16,13:21:24,A
163,Skip,Ryding,sryding4i@mapy.cz,Male,2019-08-29,23:14:33,B
164,Emmit,Ducker,educker4j@dell.com,Male,2019-03-24,16:58:31,B
165,Vasili,Kubera,vkubera4k@mashable.com,Male,2019-03-18,3:31:15,B
166,Carolus,Fice,cfice4l@bizjournals.com,Male,2019-08-26,11:34:44,B
167,Gleda,Toulamain,gtoulamain4m@google.co.jp,,2019-06-22,5:26:01,A
168,Kahaleel,McIlriach,kmcilriach4n@storify.com,Male,2019-05-11,10:24:07,
169,Dionysus,Crippell,dcrippell4o@google.ca,,2019-04-29,5:43:40,B
170,Lionel,Dwelling,ldwelling4p@wikispaces.com,Male,2019-05-22,13:31:08,B
171,Pietro,Chattoe,pchattoe4q@umich.edu,Male,2019-09-03,1:57:28,A
172,Randy,Baume,rbaume4r@myspace.com,Female,2019-06-11,2:24:18,B
173,Hakim,Muckloe,hmuckloe4s@technorati.com,Male,2019-05-21,14:23:22,
174,Bradan,Mangeon,bmangeon4t@123-reg.co.uk,Male,2019-06-27,0:31:38,B
175,Renae,Logesdale,,,2019-03-04,17:28:27,
176,Josefina,Bountiff,jbountiff4v@independent.co.uk,Female,2019-09-10,21:17:06,B
177,Patten,Sperwell,psperwell4w@mtv.com,Male,2019-09-23,16:26:29,B
178,Seana,Hardistry,shardistry4x@naver.com,Female,2019-02-22,19:25:35,A
179,Phyllida,Spindler,,,2019-01-28,6:31:00,
180,Dynah,Bocock,dbocock4z@who.int,Female,2019-01-12,5:28:17,
181,Wilfred,Advani,wadvani50@merriam-webster.com,Male,2019-10-08,6:37:05,
182,Cchaddie,Leivesley,cleivesley51@hatena.ne.jp,Male,2019-03-06,10:45:50,
183,Zolly,Hafner,zhafner52@free.fr,Male,2019-06-30,16:41:16,
184,Stacee,Longfield,slongfield53@sun.com,,2019-02-18,15:54:29,B
185,Payton,Mattioli,pmattioli54@google.de,Male,2019-10-11,8:13:13,
186,Leslie,Waddington,lwaddington55@yandex.ru,Female,2019-08-20,12:51:48,A
187,Gina,Arton,garton56@themeforest.net,Female,2019-05-27,18:06:37,
188,Alexine,Lyfield,alyfield57@nih.gov,Female,2019-04-25,3:22:53,
189,Pamella,Jeannet,pjeannet58@army.mil,Female,2019-10-03,20:18:15,A
190,Elaina,Horney,ehorney59@yelp.com,Female,2019-04-01,14:06:24,A
191,Odo,Kuhnt,okuhnt5a@acquirethisname.com,Male,2019-04-20,15:34:34,B
192,Kristien,Leivesley,kleivesley5b@deliciousdays.com,Female,2019-05-26,18:07:50,A
193,Jereme,Gallacher,jgallacher5c@mtv.com,Male,2019-06-05,2:53:18,B
194,Vickie,Molen,vmolen5d@wordpress.com,Female,2019-06-03,16:20:12,A
195,Vito,Clemmens,,,2019-09-11,11:39:13,B
196,Melonie,Basnall,mbasnall5f@livejournal.com,Female,2019-03-11,3:41:26,B
197,Waldemar,Garnett,wgarnett5g@prnewswire.com,Male,2019-05-23,17:53:42,B
198,Brade,Moorfield,bmoorfield5h@infoseek.co.jp,Male,2019-01-19,6:37:33,B
199,Gabi,Cumesky,gcumesky5i@issuu.com,Male,2019-09-29,14:26:42,
200,Clarance,Gipp,cgipp5j@wiley.com,,2019-01-01,21:15:59,A
201,Aleda,Scholes,ascholes5k@who.int,Female,2019-04-10,13:55:23,B
202,Meghan,Ryan,mryan5l@posterous.com,Female,2019-03-16,17:15:34,
203,Judon,Paulusch,,,2019-06-13,18:46:52,A
204,Liliane,Gillum,lgillum5n@berkeley.edu,Female,2019-08-23,5:37:09,
205,Cris,Gregorio,cgregorio5o@amazon.de,Female,2019-02-22,23:21:17,A
206,Horacio,Chevis,hchevis5p@eventbrite.com,,2019-03-15,19:55:47,A
207,Gasper,Meakin,gmeakin5q@craigslist.org,Male,2019-04-01,12:30:01,
208,Tabbi,Dace,tdace5r@51.la,Female,2019-06-03,11:31:30,B
209,Pincas,Rourke,prourke5s@stumbleupon.com,Male,2019-03-11,20:05:18,
210,Joachim,Muddiman,jmuddiman5t@arstechnica.com,Male,2019-02-27,13:24:47,
211,Rudie,Corton,rcorton5u@springer.com,Male,2019-03-31,1:53:34,
212,Dasha,Fateley,dfateley5v@hao123.com,,2019-03-06,5:31:36,A
213,Sigfrid,Ferenc,sferenc5w@lulu.com,Male,2019-07-30,15:48:51,B
214,Amie,Sherratt,asherratt5x@hc360.com,,2019-05-23,3:49:07,B
215,Pris,Withinshaw,,Female,2019-08-28,18:10:41,A
216,Zolly,Beaman,zbeaman5z@cnet.com,Male,2019-06-04,18:17:22,
217,Sheela,Keller,skeller60@wikimedia.org,Female,2019-02-27,20:13:33,B
218,Bryana,Breede,bbreede61@mail.ru,Female,2019-01-06,3:08:02,B
219,Vivie,Fould,vfould62@prweb.com,Female,2019-07-12,11:09:09,A
220,Dacy,Loughton,dloughton63@oaic.gov.au,,2019-05-12,23:54:25,B
221,Ogdon,Pantlin,opantlin64@cisco.com,Male,2019-06-12,8:52:03,B
222,Manda,Eble,meble65@jigsy.com,,2019-03-15,0:52:56,
223,Lynnette,Ahren,lahren66@prweb.com,Female,2019-06-08,20:58:28,B
224,Ozzy,Janoch,ojanoch67@state.tx.us,,2019-01-07,17:18:33,A
225,Lisha,Pideon,lpideon68@acquirethisname.com,Female,2019-03-04,5:06:52,B
226,Powell,Thiese,pthiese69@lycos.com,Male,2019-05-04,23:12:36,B
227,Travis,Balser,tbalser6a@t.co,Male,2019-04-04,12:22:55,
228,Janos,Tow,jtow6b@time.com,Male,2019-08-31,15:22:37,
229,Wald,Tanti,wtanti6c@mapquest.com,Male,2019-01-17,11:51:16,
230,Bernadene,Spinella,bspinella6d@blinklist.com,Female,2019-10-16,22:55:18,A
231,Lind,Yglesia,lyglesia6e@phpbb.com,Female,2019-03-29,15:28:47,A
232,Tiphani,McIlwrick,tmcilwrick6f@princeton.edu,Female,2019-03-29,23:08:47,B
233,Clemmie,Simounet,csimounet6g@vimeo.com,Male,2019-09-17,1:52:05,A
234,Leonora,Grocott,lgrocott6h@aol.com,Female,2019-08-04,15:39:21,B
235,Tiphani,Touson,ttouson6i@cbsnews.com,Female,2019-03-21,0:39:05,
236,Kipp,Willeman,,Female,2019-05-02,4:46:15,A
237,Axel,Mabbs,amabbs6k@mlb.com,Male,2019-09-03,13:14:39,
238,Mycah,Snarie,msnarie6l@jimdo.com,Male,2019-01-21,4:58:15,
239,Debora,Greedyer,dgreedyer6m@nytimes.com,Female,2019-01-02,18:42:46,
240,Ricky,Mityashev,rmityashev6n@plala.or.jp,Male,2019-07-11,11:15:05,
241,Meris,Swannie,mswannie6o@cisco.com,,2019-08-26,5:37:01,A
242,Donnell,Gerleit,dgerleit6p@friendfeed.com,Male,2019-05-07,2:45:07,A
243,Etan,Chataignier,echataignier6q@columbia.edu,Male,2019-05-02,20:08:13,A
244,Denver,Melpuss,dmelpuss6r@dedecms.com,Male,2019-02-24,5:26:27,B
245,Stefan,Godbold,sgodbold6s@histats.com,Male,2019-08-11,13:28:18,A
246,Thea,Curee,tcuree6t@so-net.ne.jp,Female,2019-08-01,10:00:17,B
247,Maurine,Tennison,mtennison6u@addtoany.com,Female,2019-02-15,12:22:06,B
248,Beatrice,Tille,btille6v@tinypic.com,Female,2019-02-26,15:04:49,B
249,Cordelia,Duligall,cduligall6w@wunderground.com,Female,2019-01-23,1:53:31,B
250,Darnell,Stork,dstork6x@1und1.de,Male,2019-05-19,21:52:34,
251,Adriena,Haswall,ahaswall6y@umich.edu,,2019-01-28,22:20:30,B
252,Jimmie,Gateshill,jgateshill6z@bluehost.com,Male,2019-02-17,21:52:04,B
253,Marrilee,Mack,mmack70@icio.us,Female,2019-10-16,5:03:44,A
254,Giuseppe,Quinnelly,gquinnelly71@businessweek.com,Male,2019-02-01,16:15:47,A
255,Ginni,Bosson,gbosson72@163.com,Female,2019-04-03,4:17:19,A
256,Faydra,Mullinder,fmullinder73@epa.gov,Female,2019-03-06,5:27:44,
257,Bay,Seyfart,bseyfart74@clickbank.net,Male,2019-02-13,16:42:03,A
258,Novelia,Kerans,,Female,2019-05-21,4:25:46,A
259,Kellina,Dahlberg,kdahlberg76@ycombinator.com,Female,2019-05-20,6:32:02,
260,Jeralee,Sparrow,jsparrow77@google.fr,Female,2019-02-23,1:21:48,B
261,Alida,Splaven,asplaven78@exblog.jp,Female,2019-07-27,4:37:40,
262,Darwin,Markey,dmarkey79@rediff.com,Male,2019-05-16,5:03:44,A
263,Keary,Catherall,kcatherall7a@youtube.com,Male,2019-03-07,11:41:52,B
264,Paddy,McLeish,pmcleish7b@i2i.jp,Male,2019-04-11,21:13:51,A
265,Justino,Cromett,jcromett7c@php.net,Male,2019-06-30,22:58:44,
266,Lola,Dartnall,ldartnall7d@nymag.com,,2019-09-28,15:49:22,
267,Papageno,Lindman,plindman7e@instagram.com,Male,2019-07-14,8:50:07,
268,Lark,Farnish,lfarnish7f@usgs.gov,Female,2019-08-27,17:35:25,A
269,Ellerey,Hackworth,ehackworth7g@godaddy.com,Male,2019-06-20,3:06:05,
270,Gaby,Cuddy,gcuddy7h@infoseek.co.jp,Female,2019-06-12,15:45:10,B
271,Tynan,Whatson,twhatson7i@independent.co.uk,Male,2019-07-09,16:58:33,A
272,Lock,Varran,,,2019-09-04,14:38:02,
273,Patricio,Yeats,pyeats7k@craigslist.org,Male,2019-02-20,12:20:30,B
274,Mikey,Sawnwy,msawnwy7l@uiuc.edu,Male,2019-04-10,14:09:10,A
275,Isaac,Escalera,iescalera7m@people.com.cn,,2019-06-23,13:08:25,
276,Leoine,Purbrick,lpurbrick7n@barnesandnoble.com,Female,2019-05-06,20:46:49,
277,Claudell,Latchford,clatchford7o@addtoany.com,Male,2019-05-27,0:17:44,
278,Merlina,Ranklin,mranklin7p@t.co,Female,2019-03-27,4:50:20,
279,Cassy,Barfoot,cbarfoot7q@mapy.cz,Female,2019-02-09,6:49:57,A
280,Erasmus,Croyser,ecroyser7r@google.com.br,,2019-04-21,4:41:27,
281,Garwin,Vanyushkin,gvanyushkin7s@miitbeian.gov.cn,Male,2019-05-13,21:05:24,B
282,Maible,Holdworth,,,2019-02-06,19:49:41,B
283,Carmelina,Leverett,,Female,2019-05-20,13:15:19,B
284,Claudianus,Burnep,cburnep7v@usatoday.com,Male,2019-03-16,13:47:57,A
285,Cecile,Canlin,ccanlin7w@chronoengine.com,Female,2019-03-09,10:39:40,A
286,Selma,Tallach,,,2019-08-02,11:56:34,B
287,Lani,Lippard,llippard7y@smugmug.com,Female,2019-08-25,19:41:31,A
288,Margery,Castelletto,mcastelletto7z@cloudflare.com,Female,2019-05-18,11:27:31,
289,Miran,Leyson,mleyson80@cnn.com,Female,2019-07-24,20:53:35,A
290,Grange,Branchett,gbranchett81@facebook.com,Male,2019-06-25,12:04:21,A
291,Rinaldo,Ciraldo,,Male,2019-01-03,21:34:19,B
292,Harv,Favel,hfavel83@scribd.com,Male,2019-03-08,13:37:37,
293,Hamlen,Tomson,htomson84@mtv.com,Male,2019-01-19,10:59:25,
294,Karena,Brownhill,kbrownhill85@google.co.uk,Female,2019-03-22,8:09:01,B
295,Hillery,Ionn,hionn86@jiathis.com,Male,2019-01-16,4:49:26,B
296,Delbert,Anten,danten87@123-reg.co.uk,Male,2019-01-15,5:47:37,B
297,Thorndike,Gotthard,tgotthard88@craigslist.org,Male,2019-01-03,10:25:23,B
298,Davy,Courage,,Male,2019-09-26,9:52:44,B
299,Bernita,Wastell,bwastell8a@booking.com,Female,2019-07-15,16:34:00,A
300,Kevina,Gavaghan,kgavaghan8b@abc.net.au,Female,2019-01-20,8:24:29,
301,Denna,MacShane,dmacshane8c@yale.edu,Female,2019-05-28,1:49:33,A
302,Van,Matashkin,vmatashkin8d@lycos.com,Male,2019-07-30,1:24:55,A
303,Sheri,Hurd,shurd8e@ft.com,,2019-05-21,10:55:22,A
304,Abbey,Louche,alouche8f@google.com.br,,2019-06-09,20:56:56,B
305,Candace,Budge,cbudge8g@guardian.co.uk,Female,2019-04-10,6:45:46,
306,Claudell,Channer,cchanner8h@sakura.ne.jp,Male,2019-09-27,20:01:36,B
307,Ansel,Green,agreen8i@gravatar.com,,2019-08-22,18:52:15,A
308,Becca,Twidle,btwidle8j@ocn.ne.jp,Female,2019-06-18,0:44:22,A
309,Stefano,Scoyles,sscoyles8k@t-online.de,Male,2019-05-28,23:50:15,
310,Curry,Masdon,cmasdon8l@tiny.cc,Male,2019-06-17,9:45:54,B
311,Ezra,Hukins,ehukins8m@ehow.com,Male,2019-08-02,0:04:01,B
312,Garrot,Brooksby,gbrooksby8n@cmu.edu,Male,2019-06-12,10:00:01,B
313,Huntlee,Preto,hpreto8o@washingtonpost.com,Male,2019-08-19,23:10:15,
314,Marmaduke,Vanyashkin,mvanyashkin8p@va.gov,Male,2019-08-04,3:03:54,B
315,Risa,Stanney,rstanney8q@ucsd.edu,Female,2019-07-01,4:49:53,A
316,Onfre,Shewan,oshewan8r@ucoz.ru,Male,2019-03-08,10:56:00,A
317,Patin,Wallwood,pwallwood8s@theatlantic.com,Male,2019-06-29,6:58:45,B
318,Clary,Buckerfield,cbuckerfield8t@sakura.ne.jp,Female,2019-01-09,14:26:36,
319,Hortense,Goede,hgoede8u@dyndns.org,,2019-01-16,2:46:00,A
320,Reamonn,Urwin,rurwin8v@ezinearticles.com,Male,2019-07-24,8:57:11,
321,Roda,Mearing,rmearing8w@bluehost.com,Female,2019-07-16,11:45:19,B
322,Caro,Mahoney,cmahoney8x@indiatimes.com,,2019-05-24,13:13:37,B
323,Maurie,Yarrington,myarrington8y@businessinsider.com,Male,2019-05-05,3:39:20,A
324,Silvain,Ondrich,sondrich8z@hibu.com,,2019-07-24,12:20:23,B
325,Mariejeanne,McGillecole,mmcgillecole90@rediff.com,Female,2019-10-11,1:11:09,B
326,Carlie,Shrubsall,cshrubsall91@flavors.me,,2019-05-29,21:37:35,
327,Erskine,Sterke,esterke92@nature.com,,2019-09-11,15:48:21,A
328,Rosa,Tolwood,rtolwood93@accuweather.com,Female,2019-03-17,15:29:44,B
329,Abey,Joss,ajoss94@nasa.gov,Male,2019-08-24,1:37:04,A
330,Quintilla,Duly,qduly95@xing.com,Female,2019-05-04,11:09:52,A
331,Amabel,Greasley,agreasley96@google.com.hk,Female,2019-04-12,0:57:44,
332,Lona,Marusik,lmarusik97@arstechnica.com,Female,2019-04-22,8:09:37,
333,Thibaut,Michieli,tmichieli98@sun.com,Male,2019-06-17,9:44:34,
334,Reilly,Gullam,rgullam99@drupal.org,Male,2019-08-23,2:22:14,B
335,Harv,Dwelley,hdwelley9a@360.cn,,2019-06-16,22:32:45,
336,Ulysses,Fronks,ufronks9b@123-reg.co.uk,Male,2019-03-01,2:31:02,
337,Mair,Blackly,mblackly9c@de.vu,Female,2019-09-05,22:49:09,
338,Lucho,McTear,lmctear9d@census.gov,Male,2019-08-28,5:26:26,
339,Chickie,Cookman,ccookman9e@cpanel.net,Male,2019-09-17,16:29:22,
340,Jobey,Prewer,jprewer9f@cpanel.net,Female,2019-03-11,3:36:29,
341,Fayette,Deschelle,fdeschelle9g@un.org,Female,2019-05-20,20:02:13,B
342,Lorne,Macoun,lmacoun9h@mozilla.com,Male,2019-09-25,16:00:56,B
343,Archibaldo,Thor,athor9i@dropbox.com,,2019-03-16,13:56:09,A
344,Conan,Lamberto,clamberto9j@cocolog-nifty.com,Male,2019-08-11,18:31:10,A
345,Derk,Borne,dborne9k@storify.com,,2019-06-02,17:01:07,B
346,Hunter,Overlow,hoverlow9l@sourceforge.net,,2019-06-12,15:22:36,B
347,Franzen,Newbegin,,,2019-09-21,23:10:59,A
348,Neille,Goldsby,ngoldsby9n@blogs.com,Female,2019-07-09,3:47:55,
349,Elbertine,Gaskin,egaskin9o@wp.com,Female,2019-03-19,1:12:25,B
350,Skip,Maddra,smaddra9p@t.co,Male,2019-01-21,1:53:00,B
351,Yorgo,Matula,ymatula9q@vinaora.com,Male,2019-02-01,13:43:06,A
352,Samara,Leivesley,sleivesley9r@imgur.com,Female,2019-10-04,13:08:44,
353,Rusty,Gallihawk,rgallihawk9s@acquirethisname.com,Male,2019-09-01,21:43:47,B
354,Jayme,Hynd,jhynd9t@weather.com,,2019-02-04,7:45:28,B
355,Farlie,Astlet,fastlet9u@dell.com,,2019-03-31,11:06:58,B
356,Adan,Draisey,adraisey9v@weather.com,Female,2019-05-18,22:19:44,B
357,Kinsley,Pinnere,kpinnere9w@foxnews.com,Male,2019-05-19,12:37:47,A
358,Minny,Tooher,mtooher9x@myspace.com,,2019-05-25,11:54:30,B
359,Shandy,Brigshaw,sbrigshaw9y@apple.com,Female,2019-08-27,6:27:02,A
360,Fianna,Anfusso,fanfusso9z@friendfeed.com,Female,2019-06-23,14:37:57,
361,Mel,Redit,mredita0@sina.com.cn,Female,2019-08-17,23:53:36,B
362,Conway,Allix,callixa1@goodreads.com,Male,2019-06-02,19:34:55,
363,Archaimbaud,Horney,ahorneya2@example.com,Male,2019-04-05,3:40:58,
364,Erin,Hobell,ehobella3@bandcamp.com,Male,2019-04-18,14:15:22,A
365,Tremayne,Brixey,tbrixeya4@nps.gov,Male,2019-07-04,22:44:16,
366,Tait,Bilbrooke,tbilbrookea5@sphinn.com,Male,2019-09-17,19:22:27,
367,Charmian,McWhorter,cmcwhortera6@yale.edu,,2019-02-09,2:23:05,B
368,Therese,McClements,tmcclementsa7@slate.com,Female,2019-04-25,19:02:05,A
369,Ariel,Malcher,amalchera8@walmart.com,,2019-08-05,20:46:41,B
370,Rosalynd,Brands,rbrandsa9@omniture.com,,2019-08-21,14:08:59,A
371,Zulema,Manolov,zmanolovaa@mayoclinic.com,Female,2019-07-05,23:29:16,B
372,Judon,Simond,jsimondab@eventbrite.com,Male,2019-07-26,9:59:56,
373,Burt,Hounson,bhounsonac@domainmarket.com,Male,2019-06-01,22:19:47,
374,Gib,Turley,gturleyad@friendfeed.com,Male,2019-07-29,6:02:31,A
375,Beaufort,Gillyatt,bgillyattae@dailymotion.com,Male,2019-07-16,13:27:37,A
376,Nester,Sparry,nsparryaf@aol.com,Male,2019-04-27,19:52:36,A
377,Sebastiano,Charlot,scharlotag@ning.com,Male,2019-09-15,9:58:19,A
378,Oby,Holdworth,,Male,2019-05-25,9:20:52,
379,Ira,Proppers,iproppersai@imdb.com,Female,2019-04-25,16:34:21,A
380,Kerry,Hutley,khutleyaj@comsenz.com,,2019-01-01,21:11:20,
381,Erminie,Pritchitt,epritchittak@123-reg.co.uk,Female,2019-07-24,12:55:30,
382,Rivkah,Stirling,rstirlingal@rambler.ru,Female,2019-07-05,3:42:33,A
383,Roslyn,Mostyn,rmostynam@google.cn,Female,2019-06-21,6:16:07,A
384,Lanie,Lavalde,llavaldean@reference.com,Female,2019-07-20,19:32:36,
385,Cindelyn,Hodge,chodgeao@edublogs.org,Female,2019-02-23,9:58:41,B
386,Reeta,Barnbrook,rbarnbrookap@buzzfeed.com,,2019-03-16,11:01:59,
387,Brynn,Davidwitz,bdavidwitzaq@dion.ne.jp,Female,2019-09-29,13:53:25,A
388,Laurens,Durnan,ldurnanar@goodreads.com,Male,2019-10-09,12:24:46,A
389,Nessa,Skitral,nskitralas@army.mil,Female,2019-07-18,12:33:19,
390,Robers,Dudliston,rdudlistonat@usgs.gov,,2019-08-02,14:39:23,
391,Rozelle,Kacheler,rkachelerau@archive.org,Female,2019-01-13,17:22:08,
392,Isacco,Waywell,iwaywellav@google.ca,Male,2019-08-22,19:15:56,A
393,Bernhard,Davitt,bdavittaw@huffingtonpost.com,Male,2019-05-03,20:27:44,A
394,Barron,Brandenberg,bbrandenbergax@tripadvisor.com,Male,2019-04-20,20:51:37,B
395,Stephenie,Ramsdale,sramsdaleay@tinypic.com,Female,2019-09-04,12:25:23,A
396,Dorothea,Iacomelli,diacomelliaz@gizmodo.com,,2019-07-12,5:15:08,A
397,Kit,Tolomei,ktolomeib0@foxnews.com,Male,2019-08-04,16:39:07,A
398,Nona,Drains,ndrainsb1@ning.com,Female,2019-01-14,18:54:26,A
399,Michail,Cleiment,mcleimentb2@soundcloud.com,Male,2019-04-18,17:18:46,B
400,Neron,Bunney,nbunneyb3@elegantthemes.com,Male,2019-01-19,23:14:18,
401,Tabor,Rooson,troosonb4@telegraph.co.uk,,2019-07-13,9:51:47,
402,Rori,Larrie,rlarrieb5@ft.com,,2019-05-01,14:20:06,
403,Bonni,Ellis,bellisb6@marriott.com,Female,2019-09-27,5:48:46,A
404,Matty,Dandy,mdandyb7@dot.gov,Male,2019-05-29,1:06:28,A
405,Hort,Gowdie,hgowdieb8@dot.gov,,2019-09-10,8:36:01,B
406,Gradey,Cutcliffe,gcutcliffeb9@creativecommons.org,Male,2019-10-17,18:29:36,A
407,Duncan,Blanche,dblancheba@indiegogo.com,Male,2019-09-13,17:19:42,
408,Cookie,Tombleson,ctomblesonbb@fotki.com,Female,2019-03-30,16:11:40,A
409,Hailey,Schout,hschoutbc@adobe.com,Male,2019-03-13,13:23:03,B
410,Ellette,Harrell,,Female,2019-04-01,22:57:21,
411,Arnaldo,Aylott,aaylottbe@usda.gov,,2019-03-28,20:49:58,B
412,Winnah,Colebourn,wcolebournbf@independent.co.uk,Female,2019-05-06,0:22:56,B
413,Janenna,Kimbell,jkimbellbg@reddit.com,,2019-10-12,20:11:05,B
414,Meier,Lamburn,mlamburnbh@joomla.org,Male,2019-03-27,19:21:51,
415,Amelina,Cianni,aciannibi@wordpress.org,,2019-10-06,18:23:15,B
416,Wallie,Bacon,wbaconbj@altervista.org,Female,2019-02-07,23:30:16,A
417,Romeo,Capstaff,rcapstaffbk@ow.ly,Male,2019-07-23,12:00:33,
418,Alyosha,Rysdale,arysdalebl@blogger.com,Male,2019-04-30,2:48:07,A
419,Kirby,Habeshaw,khabeshawbm@yelp.com,,2019-09-28,9:28:29,A
420,Kaia,Waszkiewicz,kwaszkiewiczbn@simplemachines.org,,2019-02-20,6:59:44,B
421,Leonerd,McCulloch,lmccullochbo@elpais.com,Male,2019-02-18,22:48:36,A
422,Menard,Mathissen,mmathissenbp@reuters.com,Male,2019-05-26,11:39:48,
423,Salvidor,Riep,sriepbq@storify.com,Male,2019-04-04,23:36:52,B
424,Jacky,Spearing,jspearingbr@mayoclinic.com,Male,2019-09-21,20:43:14,
425,Howey,Davis,hdavisbs@theatlantic.com,,2019-09-08,17:57:45,
426,Clementia,Freire,cfreirebt@com.com,Female,2019-04-10,17:56:48,B
427,Corny,Linnett,clinnettbu@state.tx.us,Male,2019-06-29,5:24:00,A
428,Barnaby,Teml,btemlbv@opera.com,Male,2019-03-30,3:00:21,A
429,Irma,Hambidge,ihambidgebw@networkadvertising.org,Female,2019-02-28,9:02:21,B
430,Neville,Ianetti,nianettibx@ow.ly,Male,2019-01-08,9:09:33,B
431,Marlo,Baudet,mbaudetby@shareasale.com,Female,2019-04-07,15:29:21,A
432,Rockey,Shord,rshordbz@usgs.gov,,2019-07-23,0:35:18,A
433,Sandye,Bolens,sbolensc0@geocities.com,Female,2019-03-12,1:46:33,A
434,Cristabel,Eglise,ceglisec1@pcworld.com,Female,2019-05-15,15:28:45,A
435,Dorris,Deevey,ddeeveyc2@free.fr,,2019-01-01,21:08:00,
436,Liz,Mascall,lmascallc3@mail.ru,,2019-03-21,20:21:25,
437,Joaquin,Gerbel,jgerbelc4@addthis.com,Male,2019-09-24,13:56:50,B
438,Bevon,Sabine,bsabinec5@soup.io,Male,2019-07-20,17:55:34,B
439,Page,Coopman,,,2019-01-24,12:02:49,
440,Deeanne,Calafate,dcalafatec7@facebook.com,,2019-06-06,7:14:53,B
441,Ashlin,Newport,anewportc8@domainmarket.com,,2019-06-08,0:15:04,
442,Poul,Earnshaw,pearnshawc9@howstuffworks.com,Male,2019-10-14,1:06:08,B
443,Tomi,Rolling,trollingca@hugedomains.com,Female,2019-05-21,2:24:42,A
444,Dorian,Ivey,diveycb@tripod.com,Male,2019-08-12,21:50:36,B
445,Rae,Longthorn,rlongthorncc@skype.com,Female,2019-05-12,21:35:58,B
446,Marcelo,Challace,mchallacecd@macromedia.com,,2019-07-26,6:00:00,A
447,Raffarty,Frain,rfraince@goo.gl,Male,2019-03-15,17:39:30,A
448,Ilsa,Kochel,ikochelcf@ask.com,Female,2019-04-14,2:57:44,
449,Ian,Yusupov,,Male,2019-01-07,22:31:32,B
450,Pennie,Eslemont,peslemontch@mapquest.com,Female,2019-06-04,5:28:07,
451,Crystie,Ilyushkin,cilyushkinci@si.edu,Female,2019-08-31,22:07:49,A
452,Vernon,Rising,vrisingcj@cisco.com,Male,2019-01-27,2:19:55,A
453,Adam,Eggers,aeggersck@mtv.com,Male,2019-04-02,10:58:08,A
454,Hattie,Bagg,hbaggcl@ovh.net,,2019-05-02,16:08:20,A
455,Aldwin,Cruz,acruzcm@umn.edu,Male,2019-04-07,22:52:32,A
456,Clem,Bauman,cbaumancn@harvard.edu,,2019-08-04,0:24:00,B
457,Joanna,Darwen,jdarwenco@phpbb.com,Female,2019-09-22,4:45:30,B
458,Kerianne,Ullock,kullockcp@wikipedia.org,Female,2019-04-15,11:10:37,B
459,Anna-diane,Cullingworth,acullingworthcq@thetimes.co.uk,Female,2019-02-05,1:22:20,
460,Dunn,Orae,doraecr@sourceforge.net,Male,2019-08-27,21:18:19,
461,Stu,Schoales,sschoalescs@cdc.gov,Male,2019-05-15,12:04:15,B
462,Juliann,Stowell,jstowellct@senate.gov,Female,2019-02-13,23:39:47,B
463,Joelly,Johansson,jjohanssoncu@google.fr,Female,2019-01-08,0:18:31,
464,Nolie,Vannozzii,nvannozziicv@techcrunch.com,Female,2019-09-18,0:09:47,B
465,Fallon,Falla,ffallacw@cnet.com,Female,2019-07-31,4:43:38,A
466,Konrad,Efford,keffordcx@cargocollective.com,Male,2019-08-24,2:01:56,B
467,Wit,Halliberton,whallibertoncy@about.com,,2019-02-28,6:29:28,A
468,Christoper,Menault,cmenaultcz@weebly.com,Male,2019-01-09,16:22:41,B
469,Massimiliano,Willock,mwillockd0@miitbeian.gov.cn,,2019-08-16,23:35:26,B
470,Harri,Tyreman,htyremand1@multiply.com,,2019-07-17,17:11:18,B
471,Torey,Clowton,tclowtond2@mashable.com,Female,2019-02-23,1:21:18,A
472,Orton,Evennett,oevennettd3@nationalgeographic.com,Male,2019-03-05,16:37:50,B
473,Roderick,Dyson,rdysond4@house.gov,Male,2019-09-21,9:11:44,B
474,Heath,Rutley,hrutleyd5@yolasite.com,Male,2019-03-16,16:31:14,
475,Brendon,Proudman,bproudmand6@apache.org,,2019-06-25,19:04:42,A
476,Clayton,Pallas,cpallasd7@mail.ru,,2019-07-06,23:50:58,
477,Malachi,Ivain,mivaind8@sciencedaily.com,Male,2019-01-25,21:19:17,A
478,Selina,Twidell,,,2019-01-23,0:42:38,
479,Bernetta,Bracco,bbraccoda@themeforest.net,Female,2019-07-20,15:31:57,B
480,Joell,Skilling,,,2019-01-20,0:29:39,A
481,Dana,Haldon,dhaldondc@youku.com,Male,2019-01-16,9:06:09,B
482,Erie,Fassam,,Male,2019-01-07,12:02:25,A
483,Bradford,Shirtliff,bshirtliffde@noaa.gov,,2019-09-15,22:53:34,B
484,Kimberly,Bakewell,kbakewelldf@shop-pro.jp,Female,2019-01-28,14:29:21,
485,Leoline,Bevar,lbevardg@blogs.com,Female,2019-01-02,12:05:59,
486,Angelia,Stansfield,astansfielddh@t.co,Female,2019-03-22,3:31:59,B
487,Caitlin,Whitney,cwhitneydi@quantcast.com,Female,2019-02-12,0:07:52,A
488,Durward,Jewson,djewsondj@adobe.com,Male,2019-08-22,22:50:13,B
489,Iormina,Jennens,ijennensdk@123-reg.co.uk,Female,2019-06-01,11:10:19,A
490,Robenia,Chipman,rchipmandl@instagram.com,,2019-06-20,9:43:34,
491,Malvin,Sinkinson,msinkinsondm@example.com,Male,2019-07-24,8:50:10,B
492,Cammy,Liddiatt,,,2019-07-18,18:57:21,
493,Nannie,Honeywood,nhoneywooddo@vk.com,Female,2019-01-08,6:14:33,
494,Kennith,Tuerena,ktuerenadp@about.me,Male,2019-06-19,21:20:39,A
495,Raul,Le Fevre,rlefevredq@shinystat.com,Male,2019-03-10,18:55:37,A
496,Ashleigh,Durrell,adurrelldr@blogs.com,Female,2019-03-01,11:17:13,
497,Missy,Chatres,mchatresds@alibaba.com,Female,2019-04-18,6:57:32,B
498,Maris,Mortlock,mmortlockdt@diigo.com,Female,2019-07-05,17:53:46,B
499,Weider,Boobyer,wboobyerdu@dyndns.org,Male,2019-06-13,7:04:23,B
500,Nonna,Rouke,nroukedv@indiegogo.com,Female,2019-01-06,16:44:58,A
501,Burl,McGeown,bmcgeowndw@omniture.com,Male,2019-02-24,5:36:47,A
502,Bartholemy,Chittim,bchittimdx@sciencedaily.com,,2019-10-01,19:14:52,B
503,Granny,Chismon,gchismondy@edublogs.org,Male,2019-01-07,9:00:46,
504,Jarib,Oswick,joswickdz@ibm.com,,2019-04-11,14:49:30,A
505,Johnny,Avrasin,,Male,2019-10-12,22:00:43,A
506,Ulises,Hanniger,uhannigere1@home.pl,Male,2019-04-01,8:36:37,B
507,Thadeus,Scully,,Male,2019-09-05,9:44:25,A
508,Jon,Molohan,jmolohane3@lulu.com,,2019-09-07,9:42:32,
509,Corliss,Chastelain,cchastelaine4@google.com,Female,2019-08-13,8:09:22,
510,Ingemar,Brocklebank,ibrocklebanke5@forbes.com,Male,2019-02-26,3:37:48,
511,Ezra,Rebillard,erebillarde6@salon.com,,2019-06-25,18:36:29,B
512,Maurizio,Giorgini,mgiorginie7@indiegogo.com,Male,2019-08-17,0:15:49,B
513,Ivory,Luna,ilunae8@independent.co.uk,Female,2019-10-11,9:56:01,
514,Obadias,Gosse,ogossee9@ca.gov,Male,2019-07-05,14:34:58,A
515,Faustina,Klimus,fklimusea@stanford.edu,Female,2019-04-17,18:39:30,A
516,Collete,Eginton,cegintoneb@techcrunch.com,Female,2019-02-09,7:15:48,
517,Kristina,Schurcke,kschurckeec@icio.us,Female,2019-04-02,22:43:05,B
518,Perl,Bernasek,pbernaseked@networksolutions.com,Female,2019-08-17,19:27:24,A
519,Ransell,Dampney,rdampneyee@imgur.com,Male,2019-05-17,11:32:51,B
520,Hildegaard,Hallowes,hhallowesef@prweb.com,,2019-09-24,1:26:57,
521,Vin,Chiplin,vchiplineg@skyrock.com,Female,2019-05-12,14:22:52,B
522,Beverlie,Heckle,bheckleeh@parallels.com,Female,2019-01-22,20:37:26,A
523,Ferdie,Ziems,,Male,2019-09-14,5:16:27,
524,Randie,McKleod,rmckleodej@ftc.gov,,2019-03-18,9:51:47,
525,Ingaborg,Davidovitch,idavidovitchek@bizjournals.com,Female,2019-10-09,16:26:27,
526,Berkie,Champney,bchampneyel@sphinn.com,Male,2019-07-14,10:11:53,
527,Frans,Girardy,fgirardyem@apple.com,Male,2019-03-15,22:53:48,
528,Rabi,Dods,rdodsen@usnews.com,Male,2019-07-25,2:56:25,B
529,Emmalee,Sheer,esheereo@google.es,Female,2019-04-17,15:32:36,A
530,Jourdain,Peirson,jpeirsonep@amazon.de,Male,2019-01-21,17:53:16,B
531,Joby,Mendes,jmendeseq@hostgator.com,Female,2019-09-19,15:36:35,B
532,Oby,Borrel,oborreler@ox.ac.uk,Male,2019-10-09,20:59:07,B
533,Meghan,Markovic,mmarkovices@cnbc.com,Female,2019-09-22,21:01:16,A
534,Poul,Gouge,pgougeet@free.fr,,2019-09-10,19:23:21,A
535,Marietta,Danielski,mdanielskieu@comsenz.com,,2019-07-04,22:16:27,
536,Babita,Dyhouse,bdyhouseev@forbes.com,Female,2019-07-17,6:22:52,A
537,Reinhold,Broadbridge,,Male,2019-09-22,16:51:13,
538,Cate,Bagott,cbagottex@webs.com,Female,2019-08-23,23:54:26,A
539,Brenn,Riddiough,briddioughey@free.fr,,2019-04-29,9:08:42,
540,Rod,Earthfield,rearthfieldez@phpbb.com,Male,2019-03-11,18:05:36,A
541,Cristen,McConachie,cmcconachief0@jugem.jp,Female,2019-05-08,17:32:13,B
542,Harp,Brombell,hbrombellf1@bloomberg.com,Male,2019-03-14,22:09:36,
543,Camey,Rivers,criversf2@altervista.org,Male,2019-05-20,3:11:57,A
544,Asia,Tomaino,atomainof3@omniture.com,Female,2019-05-08,5:10:29,B
545,Twyla,Rivalant,trivalantf4@surveymonkey.com,Female,2019-07-08,22:37:57,B
546,Portia,Jedrzejewsky,pjedrzejewskyf5@seattletimes.com,Female,2019-07-17,5:16:00,A
547,Jacquelynn,Gouley,jgouleyf6@etsy.com,Female,2019-08-25,8:38:20,B
548,Garrek,O' Concannon,goconcannonf7@topsy.com,Male,2019-06-23,11:15:11,B
549,Ros,Mash,rmashf8@unc.edu,Female,2019-01-19,5:24:50,B
550,Maitilde,Boldecke,mboldeckef9@boston.com,Female,2019-01-09,9:02:05,A
551,Granny,Spours,gspoursfa@spotify.com,Male,2019-06-08,13:40:42,
552,Jareb,Riddall,jriddallfb@washington.edu,Male,2019-08-21,23:48:58,B
553,Lorene,Fusedale,lfusedalefc@free.fr,,2019-05-25,1:24:17,
554,Raymund,Maro,rmarofd@nature.com,Male,2019-01-30,8:39:45,A
555,Janice,Ivashin,jivashinfe@yellowpages.com,Female,2019-04-19,17:37:56,A
556,Alejoa,Sales,asalesff@mapy.cz,,2019-02-08,3:36:03,A
557,Reade,Cavaney,rcavaneyfg@bizjournals.com,,2019-05-29,7:08:10,
558,Montgomery,Found,mfoundfh@shareasale.com,Male,2019-03-15,1:56:31,A
559,Berte,Dabels,bdabelsfi@chicagotribune.com,Female,2019-09-17,5:33:43,B
560,Sterling,Bartleet,sbartleetfj@timesonline.co.uk,Male,2019-07-06,23:53:23,B
561,Arabela,Woodwin,awoodwinfk@cisco.com,Female,2019-05-27,18:58:29,
562,Antonino,Robelin,arobelinfl@netlog.com,Male,2019-08-25,6:03:46,
563,Phillip,Chastang,pchastangfm@google.com.au,Male,2019-08-04,0:28:05,
564,Ives,Behrend,ibehrendfn@cbc.ca,Male,2019-08-17,18:47:43,
565,Giselle,Shemilt,gshemiltfo@gizmodo.com,Female,2019-03-25,22:54:02,B
566,Aubrey,Marchand,amarchandfp@yelp.com,Male,2019-02-05,13:12:32,A
567,Cecilia,Ashpital,,Female,2019-06-20,0:01:49,A
568,Nataniel,Gouldstone,ngouldstonefr@php.net,Male,2019-06-10,22:16:12,A
569,Austina,Kempster,,Female,2019-03-21,16:53:22,B
570,Devora,Osmant,dosmantft@yellowbook.com,Female,2019-08-06,0:11:45,A
571,Avis,Nenci,anencifu@statcounter.com,Female,2019-05-10,7:17:08,A
572,Tirrell,Malloy,tmalloyfv@cafepress.com,,2019-07-30,18:55:40,
573,Hy,Brooking,hbrookingfw@wikispaces.com,Male,2019-04-08,14:42:48,B
574,Korey,Vials,kvialsfx@myspace.com,Male,2019-05-01,17:32:28,B
575,Danell,Maleney,dmaleneyfy@youtube.com,Female,2019-09-29,13:03:56,B
576,Nana,Groves,ngrovesfz@house.gov,Female,2019-07-11,20:04:49,
577,Farlee,Alforde,,Male,2019-07-10,7:30:40,
578,Inger,Basley,ibasleyg1@sun.com,,2019-04-03,15:45:30,A
579,Shalom,Chrippes,schrippesg2@furl.net,Male,2019-02-27,5:43:19,B
580,Ardisj,Gatehouse,agatehouseg3@independent.co.uk,Female,2019-08-03,14:32:58,A
581,Stacey,Walliker,swallikerg4@nbcnews.com,Female,2019-01-01,0:05:55,B
582,Ulises,Cadwallader,ucadwalladerg5@surveymonkey.com,Male,2019-05-03,17:12:18,A
583,Nicole,Perigoe,nperigoeg6@behance.net,Female,2019-06-06,10:27:47,B
584,Cassie,Ridoutt,cridouttg7@wikia.com,Female,2019-03-27,0:57:33,B
585,Harrietta,Lisle,hlisleg8@weibo.com,Female,2019-08-30,14:06:05,B
586,Jermaine,Yann,jyanng9@goo.ne.jp,,2019-04-13,5:08:38,
587,Elvira,Colbertson,ecolbertsonga@samsung.com,Female,2019-08-31,1:33:29,B
588,Zane,Toolin,ztoolingb@rakuten.co.jp,,2019-06-20,13:26:22,B
589,Gideon,Sabati,gsabatigc@mail.ru,Male,2019-01-15,13:31:44,
590,Christophe,Whorlton,cwhorltongd@squarespace.com,Male,2019-08-24,8:32:24,B
591,Cristal,Jorin,cjoringe@cafepress.com,,2019-10-11,13:00:48,
592,Mal,Deroche,mderochegf@archive.org,Male,2019-05-20,14:44:44,B
593,Davin,Hatwells,dhatwellsgg@indiegogo.com,,2019-07-04,5:49:36,B
594,Farr,Yanshin,fyanshingh@booking.com,Male,2019-01-19,21:10:40,
595,Eleanor,De Filippo,edefilippogi@gizmodo.com,Female,2019-06-16,21:21:24,B
596,Nickolai,Mauvin,nmauvingj@webeden.co.uk,,2019-04-20,7:31:51,
597,Demetris,Skerme,dskermegk@nifty.com,Female,2019-05-17,1:01:20,A
598,Millard,Lantiff,mlantiffgl@sfgate.com,Male,2019-07-01,17:48:54,
599,Isabeau,Challener,ichallenergm@scientificamerican.com,Female,2019-06-16,2:30:17,B
600,Kassandra,Baake,kbaakegn@moonfruit.com,,2019-02-07,14:17:30,B
601,Demetra,Splevings,dsplevingsgo@free.fr,Female,2019-09-22,9:20:58,A
602,Chet,Knewstubb,cknewstubbgp@berkeley.edu,Male,2019-05-07,15:33:26,A
603,Olympie,Rochford,orochfordgq@wordpress.org,Female,2019-05-04,11:19:12,A
604,Curtice,McConigal,cmcconigalgr@weibo.com,Male,2019-01-26,3:52:22,
605,Davine,Fomichyov,dfomichyovgs@surveymonkey.com,,2019-10-11,13:53:09,
606,Drusie,Dumbreck,ddumbreckgt@time.com,Female,2019-09-13,23:22:20,
607,Aaron,Mullins,amullinsgu@mit.edu,Male,2019-08-15,20:41:36,
608,Leroy,Pateman,lpatemangv@npr.org,Male,2019-04-17,16:33:43,A
609,Dore,Wallbanks,dwallbanksgw@prweb.com,Male,2019-04-22,16:51:24,A
610,Vidovic,Dodd,,Male,2019-09-27,3:41:49,
611,Hershel,Swift,hswiftgy@smugmug.com,Male,2019-02-26,4:18:04,A
612,Dar,Korting,dkortinggz@google.co.jp,Male,2019-07-16,12:28:24,A
613,Kalina,Bradmore,kbradmoreh0@multiply.com,Female,2019-01-09,5:55:36,B
614,Dorri,Seer,dseerh1@youtu.be,Female,2019-09-13,20:17:01,
615,Ranice,Ohm,rohmh2@dmoz.org,Female,2019-07-17,10:51:17,
616,Fredericka,Jerdon,fjerdonh3@upenn.edu,Female,2019-06-01,23:27:56,B
617,Peirce,MacPhaden,pmacphadenh4@house.gov,Male,2019-04-09,20:37:45,B
618,Hollie,Iddens,hiddensh5@mlb.com,Female,2019-07-15,23:39:08,A
619,Nicolai,Hanlon,nhanlonh6@psu.edu,,2019-02-07,6:27:16,A
620,Ericka,Feehely,efeehelyh7@google.ca,Female,2019-02-20,12:33:46,B
621,Ryon,Tembridge,,Male,2019-08-30,6:35:59,A
622,Paige,Guinn,pguinnh9@typepad.com,Male,2019-01-11,11:21:16,
623,Noellyn,Todaro,ntodaroha@google.nl,Female,2019-04-26,18:42:26,A
624,Johny,Thiem,jthiemhb@nymag.com,Male,2019-04-23,10:03:06,
625,Allie,Jeens,ajeenshc@sun.com,Female,2019-08-15,23:13:09,
626,Cindi,Obey,cobeyhd@myspace.com,,2019-08-18,0:42:19,B
627,Hattie,Pierson,,Female,2019-05-02,3:28:48,B
628,Nathalie,Nott,nnotthf@angelfire.com,Female,2019-04-19,20:14:44,
629,Leeanne,Treslove,,Female,2019-07-20,6:12:24,A
630,Rebbecca,Teal,rtealhh@kickstarter.com,,2019-01-07,10:59:46,B
631,Keary,Offield,koffieldhi@cnet.com,Male,2019-04-08,11:11:40,B
632,Corny,Labden,clabdenhj@wiley.com,,2019-10-14,3:33:09,
633,Idalina,Stillwell,istillwellhk@jugem.jp,Female,2019-04-12,2:13:46,A
634,Millie,Jellings,mjellingshl@jigsy.com,Female,2019-02-19,16:55:21,B
635,Heda,Bon,hbonhm@furl.net,Female,2019-02-05,14:05:57,B
636,Sayer,Jickells,sjickellshn@i2i.jp,Male,2019-08-17,9:40:20,B
637,Karine,Alliban,kallibanho@abc.net.au,Female,2019-03-21,4:58:58,A
638,Morlee,Seaking,mseakinghp@mediafire.com,Male,2019-06-20,10:41:12,A
639,Celle,Cowp,ccowphq@sogou.com,Female,2019-06-09,18:50:44,B
640,Chas,Winchcomb,cwinchcombhr@dedecms.com,Male,2019-07-03,7:27:36,B
641,Addy,Brymham,abrymhamhs@phpbb.com,,2019-02-06,2:39:04,A
642,Maurizia,Calafato,mcalafatoht@histats.com,Female,2019-08-29,22:02:09,A
643,Imojean,Klas,iklashu@simplemachines.org,,2019-05-01,18:05:30,B
644,Chryste,Toolan,ctoolanhv@posterous.com,Female,2019-03-17,21:06:26,B
645,Brice,Cadman,bcadmanhw@mail.ru,,2019-08-31,14:13:42,B
646,Reina,Vase,rvasehx@omniture.com,Female,2019-01-28,9:46:33,B
647,Jillana,Odlin,jodlinhy@usatoday.com,Female,2019-08-10,20:09:50,A
648,Dayna,Briddle,dbriddlehz@freewebs.com,Female,2019-04-17,0:51:52,B
649,Gracia,Mansfield,gmansfieldi0@state.tx.us,Female,2019-03-26,16:35:25,B
650,Carlen,Housbey,chousbeyi1@comsenz.com,Female,2019-05-25,3:45:56,B
651,Harlin,Vassano,hvassanoi2@drupal.org,Male,2019-08-20,19:14:45,B
652,Sibby,De Biasio,sdebiasioi3@businesswire.com,Female,2019-10-11,12:23:02,A
653,Abe,Lindenbaum,alindenbaumi4@ibm.com,Male,2019-04-15,8:32:18,
654,Gerrard,Diack,gdiacki5@ca.gov,Male,2019-05-28,13:57:15,B
655,Stephen,Ivanyutin,sivanyutini6@wsj.com,Male,2019-01-03,5:55:46,
656,Harriett,Negri,hnegrii7@mozilla.org,Female,2019-07-09,9:09:38,A
657,Ariela,Eldin,aeldini8@umn.edu,,2019-06-18,0:27:34,
658,Rafaellle,MacGowan,rmacgowani9@imdb.com,,2019-09-10,17:19:06,
659,Olia,Morrant,omorrantia@omniture.com,Female,2019-07-01,17:35:55,
660,Mariann,Uzzell,muzzellib@over-blog.com,Female,2019-02-06,2:44:07,A
661,Phineas,Fonso,pfonsoic@nhs.uk,Male,2019-01-07,23:12:24,A
662,Duane,Gartside,dgartsideid@zimbio.com,Male,2019-02-13,20:30:39,
663,Ediva,Innerstone,einnerstoneie@columbia.edu,Female,2019-08-27,11:15:19,B
664,Josey,De Vaux,jdevauxif@earthlink.net,Female,2019-09-02,10:31:59,B
665,Vanya,Wilsher,,Female,2019-05-17,17:24:12,A
666,Dulciana,Foulis,dfoulisih@ifeng.com,Female,2019-03-18,9:18:13,B
667,Ed,Niland,enilandii@uol.com.br,,2019-04-08,5:36:55,
668,Conni,McNelis,cmcnelisij@youtube.com,,2019-07-09,12:36:38,B
669,Florry,Diloway,fdilowayik@forbes.com,Female,2019-06-19,8:09:16,A
670,Pietra,Colly,,Female,2019-02-02,20:46:17,
671,Agathe,Wicher,awicherim@blog.com,Female,2019-05-06,17:57:04,A
672,Kalvin,Midgely,kmidgelyin@tripadvisor.com,Male,2019-10-09,12:15:41,
673,Ralph,Jikovsky,rjikovskyio@sbwire.com,Male,2019-10-08,17:06:05,B
674,Jordan,Cossom,jcossomip@sciencedirect.com,Female,2019-02-17,5:32:32,A
675,Alisa,Matasov,amatasoviq@is.gd,Female,2019-08-10,4:06:56,A
676,Kimberlyn,Ennion,kennionir@slideshare.net,Female,2019-03-21,5:01:20,A
677,Carlie,Lease,cleaseis@t-online.de,Female,2019-04-10,8:34:42,
678,Catha,Ogelbe,cogelbeit@youku.com,Female,2019-02-15,3:04:06,A
679,Amby,De Giovanni,adegiovanniiu@rambler.ru,Male,2019-05-15,14:52:20,A
680,Layton,Wabersich,,Male,2019-09-26,16:12:59,B
681,Hyacintha,Bearcroft,hbearcroftiw@deviantart.com,Female,2019-01-10,4:23:10,B
682,Miguelita,Tye,mtyeix@unblog.fr,Female,2019-07-01,6:30:18,B
683,Marchall,Urwen,murweniy@godaddy.com,Male,2019-05-08,23:48:40,
684,Romonda,Tremmil,rtremmiliz@is.gd,Female,2019-07-23,1:59:00,
685,Hadley,Postians,hpostiansj0@wix.com,Male,2019-09-15,9:26:04,A
686,Nadine,Spere,nsperej1@va.gov,Female,2019-06-01,23:45:15,
687,Carina,Janek,cjanekj2@purevolume.com,Female,2019-05-24,12:37:07,B
688,Patsy,Leitche,pleitchej3@goodreads.com,Female,2019-10-06,16:31:36,A
689,Leshia,Bennet,lbennetj4@woothemes.com,Female,2019-03-20,23:47:51,B
690,Lambert,Du Hamel,lduhamelj5@squarespace.com,Male,2019-04-23,2:21:21,B
691,Buddy,Scolding,bscoldingj6@tripadvisor.com,Male,2019-07-01,21:31:16,
692,Agnella,Chance,achancej7@wordpress.com,Female,2019-04-14,15:36:08,B
693,Karon,Pow,kpowj8@cloudflare.com,Female,2019-07-30,20:28:56,
694,Eunice,Asplen,easplenj9@geocities.jp,Female,2019-05-30,7:11:12,
695,Florinda,Haisell,fhaisellja@latimes.com,Female,2019-07-22,15:23:36,
696,Iris,Gravestone,igravestonejb@mozilla.com,Female,2019-06-10,17:14:41,B
697,Waldon,Mitkin,wmitkinjc@usa.gov,Male,2019-04-17,19:44:20,B
698,Courtney,Tackell,ctackelljd@reference.com,Male,2019-03-07,20:17:09,A
699,Elyn,Dello,edelloje@netvibes.com,Female,2019-02-26,0:14:07,
700,Lock,Chipperfield,lchipperfieldjf@xinhuanet.com,Male,2019-01-27,21:51:28,B
701,Isidoro,Call,icalljg@plala.or.jp,Male,2019-04-20,3:56:44,A
702,Court,Espasa,,Male,2019-03-23,23:36:59,A
703,Arlene,Duham,,Female,2019-03-13,3:11:55,A
704,Alva,Vannah,avannahjj@xrea.com,Male,2019-08-15,13:10:54,B
705,Mabelle,Wrotham,mwrothamjk@constantcontact.com,Female,2019-06-03,14:22:24,A
706,Bink,Maillard,bmaillardjl@deliciousdays.com,Male,2019-06-18,15:47:08,B
707,Eloisa,Chotty,echottyjm@ehow.com,Female,2019-02-14,18:34:16,
708,Niki,Elms,nelmsjn@yahoo.co.jp,Female,2019-05-10,4:06:28,B
709,Glen,Starr,,Male,2019-08-12,3:47:26,B
710,Faustine,Culp,fculpjp@clickbank.net,,2019-01-10,4:09:05,
711,Benyamin,Allington,ballingtonjq@sphinn.com,,2019-07-17,20:15:22,A
712,Christoper,Botfield,cbotfieldjr@reuters.com,,2019-05-03,17:27:45,
713,Sasha,Goldson,sgoldsonjs@ucoz.com,Female,2019-09-20,16:37:33,B
714,Heloise,Maingot,hmaingotjt@businessweek.com,Female,2019-03-15,8:02:39,
715,Nancy,Dakhov,ndakhovju@topsy.com,,2019-09-13,4:31:15,
716,Shannan,Georgievski,sgeorgievskijv@wordpress.org,Male,2019-03-19,2:13:08,
717,Dodie,Thorp,dthorpjw@phoca.cz,Female,2019-01-18,16:43:55,A
718,Eulalie,Drover,edroverjx@google.ru,Female,2019-03-23,15:01:07,B
719,Ahmad,McKennan,amckennanjy@bloglovin.com,Male,2019-05-22,10:00:49,B
720,Drugi,Willcot,dwillcotjz@example.com,Male,2019-02-21,17:28:40,A
721,Etti,Harral,eharralk0@forbes.com,Female,2019-06-23,21:05:47,
722,Ashley,Brabban,abrabbank1@reuters.com,Female,2019-07-28,22:57:42,B
723,Pierre,Thickens,pthickensk2@squidoo.com,,2019-02-15,23:17:13,B
724,Carmela,Sexten,csextenk3@rambler.ru,Female,2019-01-04,1:14:03,B
725,Jenilee,Clampe,jclampek4@plala.or.jp,Female,2019-01-01,19:47:10,A
726,Dasha,Jorg,djorgk5@irs.gov,Female,2019-01-01,23:27:08,
727,Addi,Joist,ajoistk6@twitter.com,Female,2019-07-08,22:30:29,A
728,Francoise,Andras,fandrask7@wunderground.com,Female,2019-01-12,6:21:35,A
729,Dall,Danilyak,ddanilyakk8@hp.com,Male,2019-01-15,13:58:55,B
730,Karlens,Rothera,krotherak9@constantcontact.com,Male,2019-01-07,6:50:04,
731,Libbi,Coupland,lcouplandka@skype.com,Female,2019-01-14,14:56:58,A
732,Agosto,Rogan,arogankb@exblog.jp,,2019-09-28,13:06:17,
733,Corena,Graveney,cgraveneykc@army.mil,,2019-02-12,11:36:49,
734,Irving,Benois,ibenoiskd@nbcnews.com,Male,2019-08-18,15:42:44,B
735,Kendell,Tyres,ktyreske@github.com,,2019-06-05,22:29:57,B
736,Lexie,Arnaez,larnaezkf@wikimedia.org,Female,2019-04-15,2:16:40,A
737,Blair,Galvin,bgalvinkg@cpanel.net,,2019-08-20,9:18:20,A
738,Boot,Wallege,bwallegekh@yandex.ru,Male,2019-06-14,22:44:35,A
739,Dora,Pochin,dpochinki@bloglovin.com,Female,2019-07-13,10:23:32,
740,Christan,Stoade,,Female,2019-06-06,18:13:42,B
741,Sula,Scriven,sscrivenkk@biblegateway.com,Female,2019-04-23,9:52:06,
742,Scott,Tindall,stindallkl@ustream.tv,Male,2019-02-15,7:37:24,B
743,Ferrel,Pudsey,fpudseykm@abc.net.au,Male,2019-02-26,17:37:42,A
744,Ignacio,Garrie,igarriekn@army.mil,Male,2019-09-11,18:20:28,
745,Carmelle,Lounds,cloundsko@stanford.edu,,2019-09-25,20:50:59,
746,Graig,Greschke,ggreschkekp@php.net,Male,2019-01-09,6:46:10,
747,Thornton,Middleditch,tmiddleditchkq@drupal.org,Male,2019-07-11,11:00:29,A
748,Rebe,Shurville,rshurvillekr@phpbb.com,Female,2019-03-30,0:47:32,A
749,Felicdad,Hembery,fhemberyks@chicagotribune.com,Female,2019-03-05,14:55:24,A
750,Lorene,Riseley,lriseleykt@joomla.org,Female,2019-06-15,5:09:52,A
751,Brandyn,Cassy,bcassyku@bloomberg.com,Male,2019-01-26,8:03:59,
752,Emelen,Crannell,ecrannellkv@naver.com,Male,2019-08-04,19:23:46,A
753,Breena,Kleimt,bkleimtkw@technorati.com,Female,2019-09-22,12:45:27,B
754,Any,Wellings,awellingskx@npr.org,,2019-06-07,20:46:46,B
755,Haskell,Coronas,hcoronasky@pcworld.com,Male,2019-01-26,12:33:08,A
756,Marnia,Millan,mmillankz@aol.com,Female,2019-04-09,20:49:20,
757,Ardenia,Fevier,afevierl0@ebay.co.uk,Female,2019-03-15,13:08:32,A
758,Bella,Videler,bvidelerl1@hexun.com,,2019-08-23,0:42:01,B
759,Julieta,Gunthorp,jgunthorpl2@paginegialle.it,Female,2019-01-27,12:10:12,
760,Kingston,Wabe,kwabel3@ftc.gov,,2019-07-19,23:32:20,
761,Chaim,Fairfoot,cfairfootl4@adobe.com,Male,2019-06-05,2:34:37,
762,Marlin,Kunze,mkunzel5@virginia.edu,Male,2019-09-14,23:10:02,
763,Gusti,Kenna,gkennal6@reddit.com,,2019-07-04,2:23:13,A
764,Nollie,Burditt,nburdittl7@businessweek.com,Male,2019-01-24,2:02:09,B
765,Clarabelle,Lintill,clintilll8@blogger.com,,2019-10-03,14:47:39,
766,Jareb,Kuschek,jkuschekl9@virginia.edu,,2019-08-29,10:10:53,A
767,Con,Rableau,crableaula@si.edu,Female,2019-04-12,15:15:57,B
768,Rozelle,Horney,rhorneylb@macromedia.com,Female,2019-01-07,22:54:35,B
769,Viviene,Nutter,vnutterlc@wikispaces.com,Female,2019-08-08,12:18:31,
770,Heinrik,Grent,hgrentld@goo.gl,Male,2019-04-01,0:58:07,A
771,Derry,Presnail,dpresnaille@gizmodo.com,Male,2019-06-13,18:08:39,
772,Cris,Rickarsey,crickarseylf@purevolume.com,,2019-04-24,5:47:42,B
773,Gerard,Santino,gsantinolg@skyrock.com,Male,2019-08-17,7:00:44,
774,Forster,Bamforth,,Male,2019-03-26,4:49:53,A
775,Lyndsie,Stiell,lstiellli@theatlantic.com,Female,2019-06-17,12:34:37,B
776,Marshal,Yakushkin,myakushkinlj@senate.gov,Male,2019-06-20,20:37:12,
777,Reeba,Hoggin,rhogginlk@slashdot.org,Female,2019-03-29,5:20:56,B
778,Briant,Gierck,bgierckll@yahoo.com,Male,2019-08-28,6:58:53,A
779,Rosaline,McCart,rmccartlm@elpais.com,Female,2019-06-19,17:31:10,
780,Ferdinand,Jeffry,fjeffryln@craigslist.org,Male,2019-01-31,3:12:15,
781,Kailey,Stopford,kstopfordlo@liveinternet.ru,Female,2019-10-06,15:36:53,A
782,Fabian,Klimkovich,fklimkovichlp@instagram.com,Male,2019-02-03,12:57:17,B
783,Rafaela,Heys,rheyslq@admin.ch,,2019-06-26,2:49:19,
784,Faina,McTiernan,fmctiernanlr@sohu.com,Female,2019-06-28,22:58:30,B
785,Shaina,Keyson,skeysonls@google.fr,Female,2019-05-18,8:10:59,
786,Ase,Pontin,apontinlt@wisc.edu,Male,2019-05-29,22:54:53,B
787,Bili,Joel,bjoellu@geocities.com,,2019-03-20,4:27:29,
788,Randal,Sandwick,rsandwicklv@chron.com,Male,2019-10-12,7:17:33,A
789,Raphael,Benoit,rbenoitlw@ed.gov,Male,2019-03-23,16:58:55,A
790,Salomo,Brearton,sbreartonlx@vkontakte.ru,Male,2019-02-09,10:12:07,B
791,Rycca,Lathwood,rlathwoodly@prweb.com,Female,2019-04-22,3:11:54,
792,Dario,Suddell,dsuddelllz@illinois.edu,,2019-06-29,0:23:52,
793,Erica,Gout,egoutm0@mashable.com,Female,2019-02-23,7:07:11,A
794,Inna,McCorry,imccorrym1@uiuc.edu,Female,2019-03-21,19:16:55,
795,Marji,Scrowby,mscrowbym2@nih.gov,Female,2019-03-23,11:32:47,
796,Tiff,Rableau,trableaum3@tuttocitta.it,,2019-09-18,16:23:12,B
797,Heddi,Armfirld,harmfirldm4@bbc.co.uk,Female,2019-04-06,20:39:02,B
798,Jackie,Rykert,jrykertm5@exblog.jp,Male,2019-03-21,12:41:34,B
799,Row,Kinnen,rkinnenm6@github.io,Female,2019-06-11,0:13:17,A
800,Kira,Yvon,kyvonm7@tripod.com,Female,2019-07-07,18:49:53,A
801,Griselda,Rivenzon,grivenzonm8@xrea.com,Female,2019-03-15,1:49:50,B
802,Rogers,Hadkins,rhadkinsm9@cnbc.com,Male,2019-10-11,23:32:47,A
803,Shane,Estable,sestablema@china.com.cn,Female,2019-03-10,1:14:57,
804,Jacquelynn,MacConnulty,jmacconnultymb@census.gov,Female,2019-04-14,0:47:44,
805,Rebbecca,Levitt,rlevittmc@seattletimes.com,Female,2019-01-18,19:00:11,
806,Hesther,Angove,hangovemd@washingtonpost.com,Female,2019-01-27,6:20:54,
807,Alie,Pressnell,apressnellme@google.co.jp,Female,2019-08-29,10:53:55,B
808,Ike,Toppas,itoppasmf@microsoft.com,Male,2019-06-22,19:52:53,A
809,Chadwick,Oldroyd,coldroydmg@wp.com,Male,2019-09-16,22:55:12,
810,Falkner,Berndt,,Male,2019-02-24,5:02:28,A
811,Janie,Stuckley,jstuckleymi@latimes.com,Female,2019-03-19,11:54:25,B
812,Aylmar,Garbett,agarbettmj@mac.com,Male,2019-08-30,10:56:36,B
813,Alphonse,Resdale,aresdalemk@timesonline.co.uk,Male,2019-10-16,7:51:20,A
814,Juli,Garvagh,jgarvaghml@cyberchimps.com,Female,2019-09-10,6:45:54,B
815,Bernie,Guly,bgulymm@shop-pro.jp,Male,2019-07-16,7:19:58,A
816,Gian,Primmer,gprimmermn@delicious.com,Male,2019-04-18,5:16:41,
817,Daven,Hunnicutt,dhunnicuttmo@about.me,,2019-04-29,14:59:12,A
818,Saudra,Welfair,swelfairmp@house.gov,Female,2019-09-30,8:18:18,A
819,Nicoli,Robins,nrobinsmq@who.int,,2019-07-16,1:53:21,B
820,Thorsten,De Bruyne,tdebruynemr@netscape.com,,2019-10-08,8:02:43,B
821,Fionna,Blower,fblowerms@blog.com,,2019-09-25,22:01:45,
822,Hillie,Battisson,hbattissonmt@hostgator.com,,2019-06-21,2:48:26,A
823,Ashley,Hassall,ahassallmu@tumblr.com,Male,2019-03-13,16:26:09,A
824,Ruben,Corns,rcornsmv@washingtonpost.com,Male,2019-03-03,9:44:21,
825,Lula,Wilson,lwilsonmw@shareasale.com,Female,2019-06-03,23:39:11,
826,Clarence,MacGlory,cmacglorymx@indiegogo.com,Male,2019-06-08,23:41:23,A
827,Grantham,Sheirlaw,gsheirlawmy@howstuffworks.com,Male,2019-08-07,4:45:44,
828,Titos,Rowet,trowetmz@usatoday.com,Male,2019-03-19,4:22:44,
829,Owen,Janny,ojannyn0@google.cn,Male,2019-08-05,10:19:00,
830,Kingston,Aron,karonn1@delicious.com,Male,2019-04-04,9:58:50,A
831,Pauly,Milvarnie,pmilvarnien2@gov.uk,Male,2019-10-18,23:10:22,
832,Lothario,Tennewell,ltennewelln3@1688.com,,2019-09-15,10:35:37,
833,Land,Jojic,ljojicn4@yellowpages.com,Male,2019-06-23,9:44:12,A
834,Reba,Isakovitch,risakovitchn5@google.com.au,,2019-06-08,12:39:00,
835,Abbey,Linny,alinnyn6@gnu.org,Female,2019-06-09,12:45:54,B
836,Bobby,Durrad,bdurradn7@cisco.com,Female,2019-02-27,11:24:53,B
837,Gabbie,Wellstood,gwellstoodn8@state.gov,Female,2019-08-26,9:20:59,A
838,Franky,Beckhouse,fbeckhousen9@newsvine.com,Female,2019-08-03,21:30:50,A
839,Wanids,Boscott,,Female,2019-07-09,6:39:40,A
840,Lib,Terese,lteresenb@godaddy.com,Female,2019-04-07,2:48:30,B
841,Virgie,Lettsom,vlettsomnc@gnu.org,,2019-08-08,23:24:23,B
842,Mersey,Antonovic,mantonovicnd@com.com,,2019-08-28,2:28:58,
843,Nessy,Lardier,nlardierne@ebay.co.uk,Female,2019-09-05,23:38:36,A
844,Ambrosi,Karolczyk,akarolczyknf@joomla.org,,2019-04-26,19:20:36,
845,Atlante,Weeden,aweedenng@irs.gov,Female,2019-08-09,20:04:05,A
846,Corabella,Sobieski,csobieskinh@yelp.com,,2019-09-13,3:04:37,A
847,Saba,Bowering,sboweringni@theglobeandmail.com,,2019-01-01,11:15:31,B
848,Val,Rakes,vrakesnj@slashdot.org,Male,2019-06-05,13:51:48,A
849,Garold,Bearman,gbearmannk@slate.com,Male,2019-06-11,10:22:08,
850,Corliss,Zucker,czuckernl@buzzfeed.com,Female,2019-03-31,11:46:04,A
851,Angus,Nunnerley,anunnerleynm@webs.com,Male,2019-02-25,7:23:36,A
852,Jonathan,Kollatsch,jkollatschnn@berkeley.edu,Male,2019-06-19,19:21:41,A
853,Quinn,Pillans,qpillansno@devhub.com,,2019-06-08,3:38:28,
854,Vernice,Verissimo,vverissimonp@spotify.com,Female,2019-07-30,3:35:29,B
855,Beck,Twelvetree,btwelvetreenq@cbc.ca,Male,2019-01-28,11:24:41,
856,Gerardo,O'Malley,gomalleynr@reverbnation.com,Male,2019-01-20,19:59:48,A
857,Phelia,Wrixon,pwrixonns@typepad.com,Female,2019-04-10,13:08:33,A
858,Harris,Farrier,hfarriernt@dagondesign.com,,2019-01-16,4:47:59,A
859,Chloette,Knottley,cknottleynu@japanpost.jp,,2019-07-13,4:23:03,A
860,Deeanne,Cotman,dcotmannv@photobucket.com,Female,2019-02-24,14:15:37,
861,Gran,Storer,gstorernw@symantec.com,,2019-10-09,12:25:37,
862,Cordi,Dallemore,cdallemorenx@reverbnation.com,Female,2019-09-09,3:09:36,A
863,Trumann,Vaudrey,tvaudreyny@microsoft.com,Male,2019-04-02,18:22:31,A
864,Corty,Dunderdale,cdunderdalenz@example.com,Male,2019-03-01,0:52:35,B
865,Deena,Stormonth,dstormontho0@opensource.org,,2019-02-24,1:09:29,A
866,Aloise,McCleod,amccleodo1@shinystat.com,,2019-10-09,8:10:25,
867,Ingrid,Haughey,ihaugheyo2@baidu.com,Female,2019-05-11,13:38:52,A
868,Jayne,Goff,jgoffo3@umich.edu,,2019-06-25,23:23:33,
869,Austin,Sawtell,asawtello4@ox.ac.uk,,2019-05-14,19:30:54,B
870,Colleen,Compford,ccompfordo5@smh.com.au,Female,2019-05-14,5:19:15,
871,Agneta,Eneas,aeneaso6@newyorker.com,Female,2019-05-27,9:15:26,B
872,Gabby,Patifield,gpatifieldo7@lulu.com,Male,2019-09-01,2:26:36,B
873,Flem,Myrie,fmyrieo8@nps.gov,Male,2019-04-27,13:39:56,
874,Nataline,Grimley,ngrimleyo9@cmu.edu,,2019-05-29,21:18:46,
875,Julian,Burchett,,Male,2019-07-30,23:22:32,B
876,Aigneis,Easman,aeasmanob@blogspot.com,Female,2019-06-14,22:46:33,A
877,Susanne,Chastang,schastangoc@si.edu,Female,2019-10-15,2:25:57,B
878,Darya,Grinsdale,dgrinsdaleod@xrea.com,,2019-05-24,12:32:11,B
879,Nat,Rewbottom,nrewbottomoe@mediafire.com,Male,2019-09-11,21:17:00,
880,Larine,Sells,lsellsof@wikispaces.com,Female,2019-04-30,5:51:38,B
881,Cass,Shelford,cshelfordog@google.ca,Male,2019-06-11,12:27:33,
882,Mariquilla,Stroban,mstrobanoh@weibo.com,Female,2019-06-26,8:26:26,B
883,Amalie,Cleveley,acleveleyoi@istockphoto.com,Female,2019-06-26,13:06:08,B
884,Leeann,Stoddard,lstoddardoj@walmart.com,Female,2019-10-12,17:38:57,A
885,Celene,Oakenford,coakenfordok@answers.com,Female,2019-03-21,22:30:42,B
886,Hertha,Spinks,hspinksol@alibaba.com,Female,2019-06-03,5:40:12,A
887,Robbie,Sivier,rsivierom@discuz.net,Male,2019-01-18,2:22:28,B
888,Vanya,Vann,vvannon@census.gov,Male,2019-06-10,6:49:20,
889,Lindon,Pontin,lpontinoo@newyorker.com,Male,2019-02-28,17:15:20,A
890,Von,Rigler,vriglerop@t-online.de,Male,2019-01-29,22:59:24,
891,Ronalda,Bussell,rbusselloq@constantcontact.com,Female,2019-07-28,5:23:06,A
892,Charlene,Busson,,Female,2019-01-23,12:16:02,
893,Clarine,Leguey,clegueyos@google.com.br,Female,2019-06-19,6:58:34,B
894,Christean,Brundall,cbrundallot@163.com,Female,2019-08-27,5:20:48,A
895,Thadeus,MacGahey,tmacgaheyou@weibo.com,,2019-03-23,12:43:14,A
896,Carlina,Darleston,,,2019-07-29,10:04:41,B
897,Dianemarie,Dillicate,ddillicateow@drupal.org,,2019-01-08,3:54:53,
898,Frederico,Rosenkranc,frosenkrancox@google.ca,Male,2019-05-31,4:26:09,A
899,Carling,Cowan,ccowanoy@rediff.com,Male,2019-06-23,19:56:30,B
900,Kessiah,Ransfield,kransfieldoz@usatoday.com,,2019-03-09,23:23:09,A
901,Jaymie,Geary,jgearyp0@123-reg.co.uk,Male,2019-04-27,5:46:19,A
902,Tiffi,Dracksford,tdracksfordp1@cnet.com,Female,2019-04-15,9:21:32,
903,Ravid,Dogerty,rdogertyp2@microsoft.com,Male,2019-09-24,6:07:29,B
904,Adams,Bensusan,abensusanp3@google.co.jp,Male,2019-08-09,21:48:25,A
905,Ev,Devonald,,Male,2019-10-17,17:57:39,
906,Gillian,Gatch,ggatchp5@nytimes.com,Female,2019-09-29,1:53:51,
907,Killy,Siney,ksineyp6@xrea.com,Male,2019-04-04,1:07:16,A
908,Farand,Shobbrook,fshobbrookp7@netlog.com,,2019-05-22,8:15:56,B
909,Morgan,Tomaschke,mtomaschkep8@china.com.cn,Male,2019-04-09,8:05:21,A
910,Gael,Turneaux,gturneauxp9@comcast.net,Female,2019-01-15,2:21:48,
911,Zitella,Bandey,zbandeypa@hugedomains.com,,2019-09-21,16:33:30,A
912,Tabbi,Sergeaunt,tsergeauntpb@webs.com,Female,2019-01-19,22:19:51,A
913,Clarke,Loudwell,cloudwellpc@jigsy.com,Male,2019-07-26,10:48:23,B
914,Brett,Damp,bdamppd@nasa.gov,Male,2019-04-20,16:10:01,A
915,Leicester,Golborne,lgolbornepe@bizjournals.com,Male,2019-04-10,2:48:39,A
916,Rik,Tipton,rtiptonpf@census.gov,Male,2019-01-22,17:10:07,
917,Arlen,Leneve,alenevepg@discovery.com,Male,2019-04-28,3:41:32,B
918,Veronika,Goodricke,vgoodrickeph@wp.com,,2019-09-29,9:35:23,
919,Dimitri,Perello,dperellopi@hugedomains.com,,2019-03-12,20:49:27,A
920,Hillier,Adderley,hadderleypj@networksolutions.com,Male,2019-09-24,16:38:33,
921,Sandra,Rhelton,srheltonpk@photobucket.com,,2019-01-27,8:55:15,
922,Quinton,Hildrew,qhildrewpl@businessinsider.com,Male,2019-02-01,7:19:44,A
923,Gianni,Banting,gbantingpm@examiner.com,,2019-06-28,8:02:09,A
924,Ban,Goldsbury,bgoldsburypn@xinhuanet.com,Male,2019-09-11,21:42:05,A
925,Stearn,Linger,slingerpo@google.ca,Male,2019-08-21,14:47:43,B
926,Rustie,Fayerbrother,,Male,2019-08-14,6:19:41,
927,Hillery,Fost,hfostpq@statcounter.com,,2019-04-03,15:07:22,A
928,Goldi,Vlasin,gvlasinpr@lulu.com,Female,2019-10-02,4:07:23,A
929,Ardis,Warratt,awarrattps@marketwatch.com,Female,2019-07-13,4:05:11,B
930,Kore,Woollends,kwoollendspt@usnews.com,,2019-03-06,19:49:25,A
931,Leonardo,Knowler,,Male,2019-01-10,11:50:04,B
932,Brewster,Spavon,bspavonpv@printfriendly.com,Male,2019-03-28,5:10:15,
933,Sherm,Rominov,srominovpw@webmd.com,Male,2019-08-22,11:34:37,B
934,Chic,Francioli,cfranciolipx@toplist.cz,Male,2019-05-27,23:58:20,A
935,Emmit,Buckles,ebucklespy@flavors.me,Male,2019-07-17,8:31:42,
936,Sheffie,Gotts,sgottspz@dmoz.org,Male,2019-10-14,23:48:25,
937,Jonathon,Fakes,jfakesq0@whitehouse.gov,Male,2019-09-16,0:32:34,A
938,Jeth,Daverin,jdaverinq1@amazon.co.uk,Male,2019-06-29,10:55:46,B
939,Rosmunda,Lorens,rlorensq2@sciencedirect.com,Female,2019-02-10,13:33:58,B
940,Quint,Roskam,qroskamq3@xinhuanet.com,Male,2019-01-12,4:32:16,B
941,Ugo,Carr,ucarrq4@netvibes.com,,2019-05-08,18:59:26,A
942,Jedd,Ridings,jridingsq5@issuu.com,Male,2019-06-07,23:48:13,A
943,Laney,Carbin,lcarbinq6@timesonline.co.uk,Female,2019-10-16,16:04:54,A
944,Morty,Seabridge,mseabridgeq7@wunderground.com,Male,2019-01-18,19:36:48,
945,Jodi,Joisce,jjoisceq8@goo.gl,,2019-02-28,1:49:29,
946,Lawrence,Jandl,ljandlq9@barnesandnoble.com,,2019-09-10,18:08:22,A
947,Jervis,Humble,jhumbleqa@squarespace.com,,2019-01-02,1:34:17,B
948,Lolly,Roddan,lroddanqb@cargocollective.com,Female,2019-04-19,21:56:09,A
949,Angie,Mutter,amutterqc@salon.com,Female,2019-10-17,2:30:02,A
950,Erl,Gobolos,egobolosqd@upenn.edu,,2019-09-25,23:03:20,
951,Randell,Hayes,rhayesqe@tmall.com,Male,2019-07-19,4:23:54,
952,Waly,Woodall,wwoodallqf@unicef.org,,2019-01-25,3:34:35,
953,Hughie,Bille,hbilleqg@ft.com,Male,2019-04-19,18:41:46,
954,Bethany,Hardeman,bhardemanqh@nydailynews.com,Female,2019-01-27,22:53:53,A
955,Brad,Lunbech,blunbechqi@youku.com,Male,2019-09-27,22:10:00,
956,Deedee,Hubbucke,dhubbuckeqj@apple.com,Female,2019-07-16,9:25:57,
957,Erinn,Naish,enaishqk@gov.uk,Female,2019-09-18,2:38:39,B
958,Tiffanie,Abbotson,tabbotsonql@lycos.com,Female,2019-04-06,19:12:41,A
959,Kevin,Joffe,kjoffeqm@rediff.com,Male,2019-02-10,9:08:29,
960,Teddie,Mottershead,tmottersheadqn@nytimes.com,Male,2019-04-17,12:55:59,A
961,Trudi,Kermode,tkermodeqo@abc.net.au,Female,2019-07-05,14:09:58,
962,Adah,Glenister,aglenisterqp@addthis.com,Female,2019-05-10,9:47:27,A
963,Cassie,Cragoe,ccragoeqq@imageshack.us,Male,2019-06-29,1:28:26,
964,Noel,Tomankiewicz,ntomankiewiczqr@reuters.com,,2019-10-03,11:12:00,B
965,Cassey,Pritchard,cpritchardqs@soundcloud.com,Female,2019-05-23,12:39:58,A
966,Werner,Conkling,wconklingqt@nymag.com,Male,2019-04-16,22:39:44,B
967,Mattie,Durrett,mdurrettqu@jalbum.net,,2019-01-31,21:35:09,
968,Lorne,Bartak,,,2019-02-27,7:08:32,B
969,Stephenie,Heggie,sheggieqw@imdb.com,Female,2019-10-09,23:46:28,A
970,Nickie,Brigstock,nbrigstockqx@state.gov,,2019-01-08,20:32:19,
971,Randy,Barrell,rbarrellqy@buzzfeed.com,Male,2019-10-06,23:54:06,B
972,Atlanta,Capp,acappqz@gravatar.com,Female,2019-10-18,15:32:23,A
973,Poul,Waud,,Male,2019-07-17,20:01:55,
974,Ellswerth,Crabb,ecrabbr1@msn.com,,2019-02-19,8:48:47,A
975,Ursa,Oxer,uoxerr2@sciencedaily.com,Female,2019-02-09,11:51:48,B
976,Carie,Rowat,crowatr3@imdb.com,Female,2019-09-05,9:23:36,A
977,Tallou,Cowern,tcowernr4@dell.com,Female,2019-04-12,14:34:57,A
978,Fransisco,Pafford,fpaffordr5@bravesites.com,Male,2019-07-11,16:05:58,B
979,Roseline,Heald,rhealdr6@list-manage.com,Female,2019-04-18,20:14:25,A
980,Sunshine,Scoone,sscooner7@cbsnews.com,Female,2019-07-12,7:57:22,
981,Aundrea,Bernaert,abernaertr8@tuttocitta.it,,2019-04-20,9:01:18,A
982,Martina,Dunkley,mdunkleyr9@youtu.be,,2019-05-08,1:32:15,
983,Fionna,Hemphrey,fhemphreyra@patch.com,Female,2019-06-10,4:59:35,
984,Guntar,Gladbeck,ggladbeckrb@independent.co.uk,Male,2019-04-09,14:29:13,
985,Giraud,Coppen,gcoppenrc@europa.eu,Male,2019-08-19,17:22:25,B
986,Opaline,Else,,Female,2019-03-12,0:53:50,A
987,Alvis,Beynkn,abeynknre@squidoo.com,Male,2019-06-13,19:56:57,
988,Marty,Kleyn,mkleynrf@canalblog.com,Female,2019-03-18,17:20:54,A
989,Will,MacAllister,wmacallisterrg@github.com,Male,2019-02-13,12:43:45,B
990,Holly,Bickerdyke,hbickerdykerh@delicious.com,Male,2019-05-16,2:25:19,A
991,Ibby,Danelutti,idaneluttiri@oaic.gov.au,Female,2019-03-18,9:20:35,
992,Sully,Goodfellow,sgoodfellowrj@illinois.edu,Male,2019-01-25,20:28:11,A
993,Casey,Wickey,cwickeyrk@nhs.uk,Male,2019-04-01,21:15:26,
994,Rayner,Batten,rbattenrl@domainmarket.com,,2019-07-14,4:52:00,B
995,Ruttger,Simonot,rsimonotrm@csmonitor.com,Male,2019-10-02,22:22:36,B
996,Teddy,Eary,tearyrn@g.co,Female,2019-10-08,17:01:41,B
997,Skipton,Evans,sevansro@ifeng.com,Male,2019-05-13,0:11:49,B
998,Clarinda,Benzi,cbenzirp@woothemes.com,,2019-05-26,11:26:24,B
999,Batsheva,Cokly,bcoklyrq@washington.edu,,2019-08-03,2:05:02,
1000,David,Straine,dstrainerr@usda.gov,Male,2019-04-27,12:47:16,
